Symbol,Side,SL,TP,Open Time,Open Price,Close Time,Close Price,PnL,Lots,Gain,Day of the week,Session,RR Ratio,Pips,Hour_Decimal,Losing_Streak,Equity_Curve,Equity_Curve_Delayed,Drawdown_State,Lot_Deviation,Prev_Close_Time,Revenge_Timer,Is_High_Risk,Real_Equity,Shadow_Equity
GBPUSD,SELL,1.27039,1.26718,2024-05-20 09:55:00,1.27009,2024-05-20 09:56:00,1.26718,-600.0,20.0,0.7,Monday,London,9.97,29.1,9.916666666666666,0,99400.0,100000.0,0.0,0.3898773502280684,,9999.0,0,99400.0,99400.0
GBPUSD,SELL,1.27018,1.26811,2024-05-20 13:20:00,1.2699,2024-05-20 13:21:00,1.26811,-520.0,20.0,0.62,Monday,New York,13.33,17.9,13.333333333333334,1,98880.0,99400.0,0.6,0.0,2024-05-20 09:56:00,204.0,0,98880.0,98880.0
GBPUSD,SELL,1.27011,1.26811,2024-05-20 13:32:00,1.26985,2024-05-20 13:33:00,1.26811,-560.0,20.0,-0.66,Monday,New York,12.33,17.4,13.533333333333333,2,98320.0,98880.0,1.1199999999999999,0.0,2024-05-20 13:21:00,11.0,1,98320.0,98320.0
GBPUSD,BUY,1.27159,1.27311,2024-05-21 08:51:00,1.27185,2024-05-21 08:52:00,1.27311,-520.0,20.0,-0.62,Tuesday,London,6.48,12.6,8.85,3,97800.0,98320.0,1.68,0.0,2024-05-20 13:33:00,1158.0,1,97800.0,97800.0
GBPUSD,BUY,1.2713,1.27196,2024-05-21 11:38:00,1.2716,2024-05-21 11:39:00,1.27196,720.0,20.0,-0.62,Tuesday,London,2.2,3.6,11.633333333333333,4,98520.0,97800.0,2.1999999999999997,0.0,2024-05-21 08:52:00,166.0,0,98520.0,98520.0
GBPUSD,SELL,1.27333,1.27,2024-05-22 11:09:00,1.27314,2024-05-22 11:10:00,1.27,-380.0,20.0,-0.48,Wednesday,London,9.17,31.4,11.15,0,98140.0,98520.0,1.48,0.0,2024-05-21 11:39:00,1410.0,0,98140.0,98140.0
GBPUSD,SELL,1.27339,1.27,2024-05-22 11:15:00,1.27316,2024-05-22 11:16:00,1.27,-460.0,20.0,-0.56,Wednesday,London,8.53,31.6,11.25,1,97680.0,98140.0,1.8599999999999999,0.0,2024-05-22 11:10:00,5.0,1,97680.0,98140.0
GBPUSD,SELL,1.27343,1.27,2024-05-22 12:18:00,1.27318,2024-05-22 12:19:00,1.27,2970.0,20.0,2.87,Wednesday,London,10.6,31.8,12.3,2,100650.0,97680.0,2.32,0.0,2024-05-22 11:16:00,62.0,0,100650.0,101110.0
GBPUSD,SELL,1.27343,1.27,2024-05-22 12:18:00,1.27317,2024-05-22 12:19:00,1.27,2950.0,20.0,2.85,Wednesday,London,10.57,31.7,12.3,0,103600.0,100650.0,0.0,0.0,2024-05-22 12:19:00,-1.0,0,103600.0,104060.0
GBPUSD,SELL,1.27442,1.27213,2024-05-22 15:00:00,1.27317,2024-05-22 15:01:00,1.27213,-250.0,20.0,-0.35,Wednesday,New York,4.82,10.4,15.0,0,103350.0,103600.0,0.0,0.0,2024-05-22 12:19:00,161.0,0,103350.0,103810.0
GBPUSD,SELL,1.27427,1.27213,2024-05-22 15:21:00,1.27402,2024-05-22 15:22:00,1.27213,790.0,20.0,0.69,Wednesday,New York,8.17,18.9,15.35,1,104140.0,103350.0,0.2413127413127413,0.0,2024-05-22 15:01:00,20.0,0,104140.0,104600.0
GBPUSD,BUY,1.27322,1.27442,2024-05-23 14:02:00,1.27352,2024-05-23 14:03:00,1.27442,1000.0,20.0,0.9,Thursday,New York,5.57,9.0,14.033333333333333,0,105140.0,104140.0,0.0,0.0,2024-05-22 15:22:00,1360.0,0,105140.0,105600.0
GBPUSD,BUY,1.27022,1.27507,2024-05-24 10:18:00,1.27052,2024-05-24 10:19:00,1.27507,260.0,20.0,0.16,Friday,London,1.33,45.5,10.3,0,105400.0,105140.0,0.0,0.0,2024-05-23 14:03:00,1215.0,0,105400.0,105860.0
GBPUSD,SELL,1.27114,1.2679,2024-05-24 10:34:00,1.27089,2024-05-24 10:35:00,1.2679,-600.0,20.0,-0.7,Friday,London,7.67,29.9,10.566666666666666,0,104800.0,105400.0,0.0,0.0,2024-05-24 10:19:00,15.0,0,104800.0,105260.0
GBPUSD,SELL,1.27113,1.26783,2024-05-24 10:34:00,1.27088,2024-05-24 10:35:00,1.26783,-500.0,20.0,-0.6,Friday,London,6.88,30.5,10.566666666666666,1,104300.0,104800.0,0.5692599620493358,0.0,2024-05-24 10:35:00,-1.0,1,104300.0,105260.0
GBPUSD,SELL,1.27114,1.2679,2024-05-24 11:03:00,1.27089,2024-05-24 11:04:00,1.2679,-420.0,20.0,-0.52,Friday,London,7.67,29.9,11.05,2,103880.0,104300.0,1.0436432637571158,0.0,2024-05-24 10:35:00,28.0,0,103880.0,104840.0
GBPUSD,SELL,1.27114,1.26783,2024-05-24 11:03:00,1.27084,2024-05-24 11:04:00,1.26783,-500.0,20.0,-0.6,Friday,London,6.81,30.1,11.05,3,103380.0,103880.0,1.4421252371916509,0.0,2024-05-24 11:04:00,-1.0,1,103380.0,104840.0
GBPUSD,SELL,1.26506,1.26176,2025-01-02 13:00:00,1.26476,2025-01-02 13:00:00,1.26476,0.0,1.0,-0.07,Tuesday,NY,4.3,12.7,13.0,4,103380.0,103380.0,1.9165085388994307,-19000.0,2024-05-24 11:04:00,321236.0,0,103380.0,104840.0
GBPUSD,SELL,1.26376,1.26041,2025-01-03 12:27:00,1.26334,2025-01-03 12:27:00,1.26334,-41.0,1.0,-0.48,Wednesday,LND,0.0,-4.2,12.45,0,103339.0,103380.0,1.9165085388994307,-4.006938426723769,2025-01-02 13:00:00,1407.0,0,103339.0,104799.0
GBPUSD,SELL,1.26414,1.26085,2025-01-03 13:27:00,1.26384,2025-01-03 13:27:00,1.26384,-38.0,1.0,-0.45,Wednesday,NY,0.0,-3.0,13.45,1,103301.0,103339.0,1.9554079696394686,-2.8377159087807518,2025-01-03 12:27:00,60.0,0,103301.0,104761.0
GBPUSD,SELL,1.27244,1.26565,2025-01-04 10:39:00,1.27214,2025-01-04 10:39:00,1.27214,161.0,1.0,1.54,Thursday,LND,5.37,16.1,10.65,2,103462.0,103301.0,1.9914611005692597,-2.3202011407059806,2025-01-03 13:27:00,1272.0,0,103462.0,104922.0
GBPUSD,BUY,1.26994,1.27324,2025-01-04 11:35:00,1.27026,2025-01-04 11:35:00,1.27026,-20.0,1.0,-0.27,Thursday,LND,0.0,-2.0,11.583333333333334,0,103442.0,103462.0,1.8387096774193548,-1.9493588689617927,2025-01-04 10:39:00,56.0,0,103442.0,104902.0
GBPUSD,BUY,1.26994,1.27324,2025-01-04 11:35:00,1.27025,2025-01-04 11:35:00,1.27025,-26.0,1.0,-0.33,Thursday,LND,0.0,-2.6,11.583333333333334,1,103416.0,103442.0,1.857685009487666,-1.688194301613413,2025-01-04 11:35:00,0.0,1,103416.0,104902.0
GBPUSD,SELL,1.27116,1.26768,2025-01-08 13:12:00,1.27069,2025-01-08 13:13:00,1.27069,-47.0,1.0,-0.54,Monday,NY,0.0,-4.7,13.2,2,103369.0,103416.0,1.8823529411764703,-1.4888474289418197,2025-01-04 11:35:00,5857.0,0,103369.0,104855.0
GBPUSD,BUY,1.23339,1.23518,2025-01-08 13:36:00,1.23369,2025-01-08 13:36:00,1.23339,-600.0,20.0,-0.74,Wednesday,New York,0.0,-3.0,13.6,3,102769.0,103369.0,1.9269449715370017,0.7152191702817127,2025-01-08 13:13:00,23.0,1,102769.0,104855.0
GBPUSD,SELL,1.23387,1.23199,2025-01-08 13:44:00,1.23353,2025-01-08 13:44:00,1.23387,-680.0,20.0,-0.82,Wednesday,New York,0.0,-3.4,13.733333333333333,4,102089.0,102769.0,2.4962049335863377,0.7152191702817127,2025-01-08 13:36:00,8.0,1,102089.0,104855.0
GBPUSD,SELL,1.27243,1.26913,2025-01-09 14:22:00,1.27213,2025-01-09 14:23:00,1.27213,-47.0,1.0,-0.54,Tuesday,NY,0.0,-4.7,14.366666666666667,5,102042.0,102089.0,3.141366223908918,-1.3282641733803233,2025-01-08 13:44:00,1478.0,1,102042.0,104855.0
GBPUSD,SELL,1.22901,1.22778,2025-01-10 08:12:00,1.22858,2025-01-10 08:12:00,1.22901,-840.0,20.0,-0.9,Friday,London,8.47,4.3,8.2,6,101202.0,102042.0,3.18595825426945,0.7958224257542215,2025-01-09 14:23:00,1069.0,1,101202.0,104015.0
GBPUSD,SELL,1.22923,1.22777,2025-01-10 08:16:00,1.22893,2025-01-10 08:16:00,1.22923,-700.0,20.0,-0.76,Friday,London,11.14,3.0,8.266666666666667,7,100502.0,101202.0,3.9829222011385195,0.7958224257542215,2025-01-10 08:12:00,4.0,1,100502.0,104015.0
GBPUSD,SELL,1.27302,1.27024,2025-01-10 12:00:00,1.27272,2025-01-10 12:01:00,1.27272,-28.0,1.0,-0.35,Wednesday,LND,0.0,-2.8,12.0,8,100474.0,100502.0,4.647058823529412,-1.1937336386313322,2025-01-10 08:16:00,224.0,1,100474.0,104015.0
GBPUSD,SELL,1.27289,1.26959,2025-01-10 12:20:00,1.27259,2025-01-10 12:21:00,1.27259,-40.0,1.0,-0.47,Wednesday,LND,0.0,-4.0,12.333333333333334,9,100434.0,100474.0,4.673624288425048,-1.0775486583496408,2025-01-10 12:01:00,19.0,1,100434.0,104015.0
GBPUSD,SELL,1.21272,1.21013,2025-01-13 11:11:00,1.21242,2025-01-13 11:11:00,1.21272,-400.0,20.0,-0.46,Monday,London,8.56,3.0,11.183333333333334,10,100034.0,100434.0,4.71157495256167,0.9746794344808964,2025-01-10 12:21:00,4250.0,1,100034.0,103615.0
GBPUSD,SELL,1.21274,1.21084,2025-01-13 13:12:00,1.21244,2025-01-13 13:12:00,1.21274,-700.0,20.0,-0.76,Monday,New York,6.28,3.0,13.2,11,99334.0,100034.0,5.0910815939278935,0.9746794344808964,2025-01-13 11:11:00,121.0,1,99334.0,103615.0
GBPUSD,SELL,1.21271,1.21081,2025-01-13 13:21:00,1.21239,2025-01-13 13:21:00,1.21271,-760.0,20.0,-0.82,Monday,New York,6.33,3.2,13.35,12,98574.0,99334.0,5.755218216318785,0.9746794344808964,2025-01-13 13:12:00,9.0,1,98574.0,103615.0
GBPUSD,SELL,1.21257,1.21068,2025-01-13 13:23:00,1.21227,2025-01-13 13:23:00,1.21257,-660.0,20.0,-0.72,Monday,New York,6.26,3.0,13.383333333333333,13,97914.0,98574.0,6.47628083491461,0.9746794344808964,2025-01-13 13:21:00,2.0,1,97914.0,103615.0
GBPUSD,BUY,1.22049,1.22222,2025-01-14 08:43:00,1.22209,2025-01-14 08:43:00,1.22049,-520.0,20.0,-0.58,Tuesday,London,6.68,16.0,8.716666666666667,14,97394.0,97914.0,7.1024667931688805,0.9746794344808964,2025-01-13 13:23:00,1160.0,1,97394.0,103615.0
GBPUSD,BUY,1.22085,1.21999,2025-01-15 09:22:00,1.22055,2025-01-15 09:22:00,1.22085,0.0,20.0,-0.06,Wednesday,London,-8.57,3.0,9.366666666666667,15,97394.0,97394.0,7.595825426944971,0.9746794344808964,2025-01-14 08:43:00,1479.0,0,97394.0,103615.0
GBPUSD,BUY,1.2211,1.223,2025-01-15 09:44:00,1.2214,2025-01-15 09:44:00,1.2211,60.0,20.0,0.0,Wednesday,London,6.0,3.0,9.733333333333333,0,97454.0,97394.0,7.595825426944971,0.9746794344808964,2025-01-15 09:22:00,22.0,0,97454.0,103675.0
GBPUSD,SELL,1.2725,1.26907,2025-01-15 13:39:00,1.27209,2025-01-15 13:40:00,1.2725,-41.0,1.0,-0.48,Monday,NY,0.0,-4.1,13.65,0,97413.0,97454.0,7.538899430740038,-1.0775486583496408,2025-01-15 09:44:00,235.0,1,97413.0,103675.0
GBPUSD,SELL,1.2725,1.26907,2025-01-15 13:47:00,1.27226,2025-01-15 13:48:00,1.2725,-22.0,1.0,-0.29,Monday,NY,0.0,-2.2,13.783333333333333,1,97391.0,97413.0,7.577798861480075,-1.0775486583496408,2025-01-15 13:40:00,7.0,1,97391.0,103675.0
GBPUSD,BUY,1.27179,1.27505,2025-01-15 14:09:00,1.27208,2025-01-15 14:10:00,1.27179,-29.0,1.0,-0.36,Monday,NY,0.0,-2.9,14.15,2,97362.0,97391.0,7.598671726755218,-1.0775486583496408,2025-01-15 13:48:00,21.0,1,97362.0,103675.0
GBPUSD,SELL,1.26691,1.26331,2025-01-16 09:03:00,1.26661,2025-01-16 09:04:00,1.26691,222.0,0.7,2.17,Tuesday,LND,11.0,33.0,9.05,3,97584.0,97362.0,7.626185958254269,-1.1084830695941281,2025-01-15 14:10:00,1133.0,0,97584.0,103675.0
GBPUSD,SELL,1.26691,1.26589,2025-01-16 09:03:00,1.26661,2025-01-16 09:04:00,1.26691,18.0,0.3,0.16,Tuesday,LND,2.4,7.2,9.05,0,97602.0,97584.0,7.415559772296016,-1.146145837823905,2025-01-16 09:04:00,-1.0,0,97602.0,103693.0
GBPUSD,BUY,1.22049,1.22222,2025-01-16 09:22:00,1.22069,2025-01-16 09:22:00,1.22049,-400.0,20.0,-0.46,Thursday,London,8.68,2.0,9.366666666666667,0,97202.0,97602.0,7.398481973434536,0.8815164154963572,2025-01-16 09:04:00,18.0,1,97202.0,103293.0
GBPUSD,BUY,1.21999,1.222,2025-01-16 09:32:00,1.2204,2025-01-16 09:32:00,1.21999,-820.0,20.0,-0.88,Thursday,London,5.92,4.1,9.533333333333333,1,96382.0,97202.0,7.777988614800758,0.7957193232899825,2025-01-16 09:22:00,10.0,1,96382.0,103293.0
GBPUSD,SELL,1.21991,1.21805,2025-01-16 09:52:00,1.21961,2025-01-16 09:52:00,1.21991,-600.0,20.0,-0.66,Thursday,London,6.09,3.0,9.866666666666667,2,95782.0,96382.0,8.555977229601517,0.7957193232899825,2025-01-16 09:32:00,20.0,1,95782.0,103293.0
GBPUSD,SELL,1.21999,1.21809,2025-01-16 10:01:00,1.21969,2025-01-16 10:01:00,1.21999,-620.0,20.0,-0.68,Thursday,London,6.0,3.0,10.016666666666667,3,95162.0,95782.0,9.125237191650854,0.7957193232899825,2025-01-16 09:52:00,9.0,1,95162.0,103293.0
GBPUSD,BUY,1.21826,1.22053,2025-01-17 08:25:00,1.2186,2025-01-17 08:25:00,1.21826,-440.0,20.0,-0.5,Friday,London,6.03,3.4,8.416666666666666,4,94722.0,95162.0,9.7134724857685,0.7151254308671373,2025-01-16 10:01:00,1344.0,1,94722.0,103293.0
GBPUSD,SELL,1.26806,1.26481,2025-01-18 13:10:00,1.26785,2025-01-18 13:11:00,1.26806,-21.0,1.0,-0.28,Thursday,NY,0.0,-2.1,13.166666666666666,5,94701.0,94722.0,10.130929791271347,-1.312842208905342,2025-01-17 08:25:00,1725.0,1,94701.0,103293.0
GBPUSD,SELL,1.2675,1.27077,2025-01-19 13:00:00,1.2678,2025-01-19 13:01:00,1.2675,-28.0,1.0,-0.35,Friday,LND,0.0,-2.8,13.0,6,94673.0,94701.0,10.150853889943074,-1.1805770352080132,2025-01-18 13:11:00,1429.0,1,94673.0,103293.0
GBPUSD,SELL,1.26795,1.27145,2025-01-19 13:02:00,1.26815,2025-01-19 13:03:00,1.26795,-20.0,1.0,-0.27,Friday,LND,0.0,-2.0,13.033333333333333,7,94653.0,94673.0,10.17741935483871,-1.1805770352080132,2025-01-19 13:01:00,1.0,1,94653.0,103293.0
GBPUSD,BUY,1.26984,1.27314,2025-01-22 09:42:00,1.27014,2025-01-22 09:43:00,1.26984,-30.0,1.0,-0.37,Monday,LND,0.0,-3.0,9.7,8,94623.0,94653.0,10.19639468690702,-1.1805770352080132,2025-01-19 13:03:00,4119.0,1,94623.0,103293.0
GBPUSD,BUY,1.27049,1.27521,2025-01-22 11:32:00,1.27079,2025-01-22 11:33:00,1.27049,27.0,1.0,0.2,Monday,LND,0.97,2.9,11.533333333333333,9,94650.0,94623.0,10.224857685009487,-1.0660198512979204,2025-01-22 09:43:00,109.0,0,94650.0,103320.0
GBPUSD,SELL,1.27163,1.26537,2025-01-23 13:40:00,1.27134,2025-01-23 13:41:00,1.27163,-27.0,1.0,-0.34,Tuesday,NY,0.0,-2.7,13.666666666666666,0,94623.0,94650.0,10.199240986717268,-0.964346491232423,2025-01-22 11:33:00,1567.0,1,94623.0,103320.0
GBPUSD,BUY,1.27088,1.27412,2025-01-23 13:49:00,1.27113,2025-01-23 13:50:00,1.27088,-27.0,1.0,-0.34,Tuesday,NY,0.0,-2.7,13.816666666666666,1,94596.0,94623.0,10.224857685009487,-0.8721830779993982,2025-01-23 13:41:00,8.0,1,94596.0,103320.0
GBPUSD,BUY,1.27413,1.27743,2025-01-24 17:46:00,1.27443,2025-01-24 17:47:00,1.27413,-10.0,1.0,-0.17,Wednesday,NY,0.0,-1.0,17.766666666666666,2,94586.0,94596.0,10.250474383301707,-0.7870226080400495,2025-01-23 13:50:00,1676.0,1,94586.0,103320.0
GBPUSD,SELL,1.27324,1.27032,2025-01-25 09:55:00,1.27272,2025-01-25 09:56:00,1.27324,-50.0,1.0,-0.57,Thursday,LND,0.0,-5.0,9.916666666666666,3,94536.0,94586.0,10.259962049335863,-0.7068719478031703,2025-01-24 17:47:00,968.0,1,94536.0,103320.0
GBPUSD,SELL,1.27071,1.26754,2025-01-26 09:25:00,1.27036,2025-01-26 09:26:00,1.27071,-35.0,1.0,-0.42,Friday,LND,0.0,-3.5,9.416666666666666,4,94501.0,94536.0,10.30740037950664,-0.6300065974054849,2025-01-25 09:56:00,1409.0,1,94501.0,103320.0
GBPUSD,SELL,1.27367,1.26814,2025-01-26 11:57:00,1.27337,2025-01-26 11:58:00,1.27367,0.0,1.0,-0.07,Friday,LND,0.0,0.0,11.95,5,94501.0,94501.0,10.340607210626187,-0.5547566281552033,2025-01-26 09:26:00,151.0,0,94501.0,103320.0
EUROUSD,BUY,1.03621,1.03798,2025-02-03 09:26:00,1.03646,2025-02-03 09:27:00,1.03621,-640.0,20.0,-0.7,Monday,London,0.0,-3.2,9.433333333333334,0,93861.0,94501.0,10.340607210626187,1.687876549493491,2025-01-26 11:58:00,11368.0,1,93861.0,103320.0
GBPUSD,BUY,1.24984,1.25158,2025-02-03 09:28:00,1.24998,2025-02-03 09:29:00,1.24984,-240.0,20.0,-0.3,Monday,London,11.43,34.3,9.466666666666667,1,93621.0,93861.0,10.947817836812144,1.4885996593563227,2025-02-03 09:27:00,1.0,1,93621.0,103320.0
GBPUSD,SELL,1.25003,1.24631,2025-02-03 09:30:00,1.24973,2025-02-03 09:31:00,1.25003,6860.0,20.0,6.8,Monday,London,11.4,34.2,9.5,2,100481.0,93621.0,11.175521821631879,1.3280624473877747,2025-02-03 09:29:00,1.0,0,100481.0,103320.0
GBPUSD,SELL,1.249,1.24632,2025-02-03 10:17:00,1.2487,2025-02-03 10:18:00,1.249,4760.0,20.0,4.7,Monday,London,7.93,23.8,10.283333333333333,0,105241.0,100481.0,4.6669829222011385,1.1935798975343337,2025-02-03 09:31:00,46.0,0,105241.0,108080.0
EUROUSD,SELL,1.03554,1.0341,2025-02-03 10:17:00,1.03534,2025-02-03 10:18:00,1.03554,-500.0,20.0,-0.56,Monday,London,0.0,-2.5,10.283333333333333,0,104741.0,105241.0,0.150853889943074,1.0775486583496408,2025-02-03 10:18:00,-1.0,1,104741.0,107580.0
GBPUSD,SELL,1.26267,1.25181,2025-02-05 09:00:00,1.26237,2025-02-05 09:01:00,1.26267,-30.0,2.0,-0.86,Monday,LND,0.0,-3.0,9.0,1,104711.0,104741.0,0.6252371916508539,-0.7785160163195971,2025-02-03 10:18:00,2802.0,0,104711.0,107550.0
GBPUSD,BUY,1.25528,1.25834,2025-02-06 09:23:00,1.25553,2025-02-06 09:24:00,1.25528,-50.0,2.0,-0.64,Tuesday,LND,0.0,-2.5,9.383333333333333,2,104661.0,104711.0,0.6537001897533207,-0.6992256634798006,2025-02-05 09:01:00,1462.0,0,104661.0,107500.0
GBPUSD,BUY,1.25482,1.25815,2025-02-06 09:28:00,1.25507,2025-02-06 09:29:00,1.25482,-54.0,2.0,-0.68,Tuesday,LND,3.04,-2.7,9.466666666666667,3,104607.0,104661.0,0.7011385199240987,-0.623144750689727,2025-02-06 09:24:00,4.0,1,104607.0,107446.0
GBPUSD,BUY,1.26281,1.26605,2025-02-08 09:57:00,1.26304,2025-02-08 09:58:00,1.26281,-46.0,2.0,-0.6,Thursday,LND,0.0,-2.3,9.95,4,104561.0,104607.0,0.7523719165085389,-0.5486825197633448,2025-02-06 09:29:00,2908.0,1,104561.0,107446.0
GBPUSD,SELL,1.26129,1.25799,2025-02-09 13:30:00,1.26099,2025-02-09 13:31:00,1.26129,-168.0,2.0,-1.82,Friday,NY,0.0,-8.4,13.5,5,104393.0,104561.0,0.7960151802656545,-0.4740888376004002,2025-02-08 09:58:00,1652.0,1,104393.0,107446.0
GBPUSD,BUY,1.26128,1.26458,2025-02-12 12:20:00,1.26158,2025-02-12 12:21:00,1.26128,-68.0,2.0,-0.82,Monday,NY,0.0,-6.8,12.333333333333334,6,104325.0,104393.0,0.9554079696394687,-0.4817271724765897,2025-02-09 13:31:00,4249.0,1,104325.0,107446.0
GBPUSD,BUY,1.26128,1.26458,2025-02-12 12:20:00,1.26152,2025-02-12 12:21:00,1.26128,-16.0,2.0,-0.3,Monday,NY,0.0,-1.6,12.333333333333334,7,104309.0,104325.0,1.0199240986717266,-0.48944232307468216,2025-02-12 12:21:00,-1.0,1,104309.0,107446.0
GBPUSD,BUY,1.26091,1.26312,2025-02-12 15:33:00,1.26121,2025-02-12 15:34:00,1.26312,382.0,2.0,3.68,Monday,NY,6.37,19.1,15.55,8,104691.0,104309.0,1.0351043643263758,-0.49723651861264045,2025-02-12 12:21:00,192.0,0,104691.0,107446.0
GBPUSD,SELL,1.26252,1.25923,2025-02-19 09:04:00,1.26225,2025-02-19 09:05:00,1.26252,-26.0,2.0,-0.4,Monday,LND,0.0,-2.6,9.066666666666666,0,104665.0,104691.0,0.6726755218216319,-0.5051120680004763,2025-02-12 15:34:00,9690.0,0,104665.0,107420.0
GBPUSD,SELL,1.26199,1.25866,2025-02-19 09:38:00,1.26169,2025-02-19 09:39:00,1.26199,24.0,2.0,0.1,Monday,LND,0.0,2.4,9.633333333333333,1,104689.0,104665.0,0.6973434535104364,-0.5130713637659797,2025-02-19 09:05:00,33.0,0,104689.0,107444.0
GBPUSD,BUY,1.26085,1.26247,2025-02-21 10:30:00,1.26115,2025-02-21 10:31:00,1.26085,-6.0,2.0,-0.2,Wednesday,LND,0.0,0.0,10.5,0,104683.0,104689.0,0.674573055028463,-0.5211168862164236,2025-02-19 09:39:00,2931.0,0,104683.0,107438.0
GBPUSD,BUY,1.2668,1.26899,2025-02-23 16:06:00,1.26712,2025-02-23 16:07:00,1.2668,-68.0,2.0,-0.82,Friday,NY,0.0,3.2,16.1,1,104615.0,104683.0,0.6802656546489564,-0.5292512078533144,2025-02-21 10:31:00,3215.0,0,104615.0,107370.0
GBPUSD,BUY,1.26896,1.27171,2025-02-26 12:33:00,1.2692,2025-02-26 12:34:00,1.26896,-24.0,1.5,-0.35,Monday,NY,0.0,-1.6,12.55,2,104591.0,104615.0,0.7447817836812145,-0.59925596335282,2025-02-23 16:07:00,4106.0,0,104591.0,107346.0
GBPUSD,SELL,1.26926,1.26596,2025-02-27 08:12:00,1.26896,2025-02-27 08:13:00,1.26926,-43.5,1.5,-0.54,Tuesday,LND,0.0,-3.0,8.2,3,104547.5,104591.0,0.7675521821631879,-0.6035859259012291,2025-02-26 12:34:00,1178.0,1,104547.5,107302.5
GBPUSD,BUY,1.26405,1.27035,2025-02-28 14:06:00,1.26426,2025-02-28 14:07:00,1.26405,-46.5,1.5,-0.57,Wednesday,NY,0.0,-3.0,14.1,4,104501.0,104547.5,0.8088235294117648,-0.6079425153089038,2025-02-27 08:13:00,1793.0,1,104501.0,107302.5
GBPUSD,BUY,1.26405,1.27035,2025-02-28 14:09:00,1.26435,2025-02-28 14:10:00,1.26405,-25.5,1.5,-0.36,Wednesday,NY,0.0,-2.0,14.15,5,104475.5,104501.0,0.8529411764705883,-0.612326141643006,2025-02-28 14:07:00,2.0,1,104475.5,107302.5
GBPUSD,SELL,1.27252,1.26922,2025-03-06 10:55:00,1.27222,2025-03-06 10:56:00,1.27252,-580.0,20.0,-0.72,Thursday,LND,0.0,-3.0,10.916666666666666,6,103895.5,104475.5,0.8771347248576851,1.9486638690458427,2025-02-28 14:10:00,8445.0,1,103895.5,107302.5
GBPUSD,SELL,1.27249,1.27053,2025-03-06 12:35:00,1.27219,2025-03-06 12:36:00,1.27249,-600.0,20.0,-0.74,Thursday,NY,0.0,-3.0,12.583333333333334,7,103295.5,103895.5,1.4274193548387097,1.9486638690458427,2025-03-06 10:56:00,99.0,1,103295.5,107302.5
GBPUSD,SELL,1.28427,1.28164,2025-03-11 10:06:00,1.28406,2025-03-11 10:07:00,1.28164,-420.0,20.0,-0.56,Monday,LND,0.0,-21.0,10.1,8,102875.5,103295.5,1.9966793168880455,1.9486638690458427,2025-03-06 12:36:00,7050.0,1,102875.5,107302.5
GBPUSD,SELL,1.28213,1.27445,2025-03-12 06:27:00,1.28183,2025-03-12 06:28:00,1.27445,-540.0,20.0,-0.68,Tuesday,Frankfurt,24.6,-27.0,6.45,9,102335.5,102875.5,2.3951612903225805,1.9486638690458427,2025-03-11 10:07:00,1220.0,1,102335.5,107302.5
GBPUSD,BUY,1.27845,1.28231,2025-03-13 09:31:00,1.2787,2025-03-13 09:32:00,1.28231,-680.0,20.0,-0.82,Wednesday,LND,0.0,-34.0,9.516666666666667,10,101655.5,102335.5,2.907495256166983,1.9486638690458427,2025-03-12 06:28:00,1623.0,1,101655.5,107302.5
GBPUSD,SELL,1.2796,1.27377,2025-03-14 13:21:00,1.2793,2025-03-14 13:22:00,1.27377,754.0,2.0,7.4,Thursday,NY,18.23,55.3,13.35,11,102409.5,101655.5,3.552656546489564,-0.546018168647149,2025-03-13 09:32:00,1669.0,0,102409.5,107302.5
GBPUSD,BUY,1.27339,1.27669,2025-03-14 15:33:00,1.27369,2025-03-14 15:34:00,1.27669,-30.0,1.0,-0.37,Thursday,NY,0.0,-3.0,15.55,0,102379.5,102409.5,2.8372865275142316,-0.6701132069760465,2025-03-14 13:22:00,131.0,0,102379.5,107272.5
GBPUSD,SELL,1.27571,1.27472,2025-03-15 10:32:00,1.27541,2025-03-15 10:33:00,1.27472,-60.0,2.0,-0.74,Friday,LND,2.3,-3.0,10.533333333333333,1,102319.5,102379.5,2.8657495256166983,-0.5376930605365122,2025-03-14 15:34:00,1138.0,0,102319.5,107212.5
GBPUSD,SELL,1.27495,1.27401,2025-03-15 14:04:00,1.27465,2025-03-15 14:05:00,1.27401,0.0,1.0,-0.07,Friday,NY,2.13,0.0,14.066666666666666,2,102319.5,102319.5,2.922675521821632,-0.6613006606598484,2025-03-15 10:33:00,211.0,0,102319.5,107212.5
GBPUSD,SELL,1.27293,1.26901,2025-03-18 15:24:00,1.27263,2025-03-18 15:25:00,1.27293,-28.0,1.0,-0.35,Monday,NY,0.0,-2.8,15.4,0,102291.5,102319.5,2.922675521821632,-0.6525930990689693,2025-03-15 14:05:00,4399.0,0,102291.5,107184.5
GBPUSD,SELL,1.27351,1.27073,2025-03-18 15:57:00,1.27327,2025-03-18 15:58:00,1.27351,-48.0,2.0,-0.62,Monday,NY,27.08,-2.4,15.95,1,102243.5,102291.5,2.9492409867172675,-0.5213231874462851,2025-03-18 15:25:00,32.0,0,102243.5,107184.5
GBPUSD,SELL,1.27056,1.26728,2025-03-19 14:11:00,1.27026,2025-03-19 14:12:00,1.27056,-30.0,1.0,-0.37,Tuesday,NY,0.0,-3.0,14.183333333333334,2,102213.5,102243.5,2.9947817836812147,-0.6439874668454111,2025-03-18 15:58:00,1333.0,0,102213.5,107154.5
GBPUSD,SELL,1.27767,1.27444,2025-03-21 09:08:00,1.27748,2025-03-21 09:09:00,1.27767,-19.34,1.0,-0.26,Thursday,LND,0.0,-1.9,9.133333333333333,3,102194.16,102213.5,3.023244781783681,-0.6354808217896453,2025-03-19 14:12:00,2576.0,1,102194.16,107154.5
GBPUSD,BUY,1.2771,1.28059,2025-03-21 10:31:00,1.2774,2025-03-21 10:32:00,1.2771,-30.0,1.0,-0.37,Thursday,LND,0.0,-3.0,10.516666666666667,4,102164.16,102194.16,3.041593927893735,-0.6270703293286873,2025-03-21 09:09:00,82.0,1,102164.16,107154.5
GBPUSD,BUY,1.27381,1.27604,2025-03-21 12:31:00,1.2741,2025-03-21 12:32:00,1.27381,-29.0,1.0,-0.36,Thursday,NY,0.0,-2.9,12.516666666666667,5,102135.16,102164.16,3.0700569259962016,-0.6187532573089458,2025-03-21 10:32:00,119.0,1,102135.16,107154.5
GBPUSD,BUY,1.27321,1.27624,2025-03-21 12:36:00,1.27362,2025-03-21 12:37:00,1.27321,-41.0,1.0,-0.48,Thursday,NY,0.0,-4.1,12.6,6,102094.16,102135.16,3.097571157495253,-0.6105269710914444,2025-03-21 12:32:00,4.0,1,102094.16,107154.5
GBPUSD,SELL,1.2617,1.25845,2025-03-22 13:38:00,1.2614,2025-03-22 13:39:00,1.2617,-30.0,1.0,-0.37,Friday,NY,0.0,-3.0,13.633333333333333,7,102064.16,102094.16,3.136470588235291,-0.6023889289287703,2025-03-21 12:37:00,1501.0,1,102064.16,107154.5
GBPUSD,BUY,1.26594,1.26971,2025-03-26 10:24:00,1.26624,2025-03-26 10:25:00,1.26594,0.0,1.0,-0.07,Tuesday,LND,0.0,0.0,10.4,8,102064.16,102064.16,3.164933586337758,-0.5982952944374123,2025-03-22 13:39:00,5565.0,0,102064.16,107154.5
GBPUSD,BUY,1.2663,1.26958,2025-03-26 10:35:00,1.2666,2025-03-26 10:36:00,1.2663,-60.0,2.0,-0.74,Tuesday,LND,0.0,-3.0,10.583333333333334,0,102004.16,102064.16,3.164933586337758,-0.47417872419044255,2025-03-26 10:25:00,10.0,1,102004.16,107094.5
GBPUSD,SELL,1.26348,1.26148,2025-03-27 11:00:00,1.26318,2025-03-27 11:01:00,1.26148,340.0,2.0,3.26,Wednesday,LND,5.67,17.0,11.0,1,102344.16,102004.16,3.221859582542691,-0.47794399120196845,2025-03-26 10:36:00,1464.0,0,102344.16,107434.5
GBPUSD,BUY,1.25345,1.25435,2025-05-07 09:34:00,1.25366,2025-05-07 09:35:00,1.25366,0.0,20.0,-0.1,Tuesday,LND,0.0,0.0,9.566666666666666,0,102344.16,102344.16,2.8992789373814007,1.6860451036680637,2025-03-27 11:01:00,58953.0,0,102344.16,107434.5
GBPUSD,BUY,1.24759,1.24842,2025-05-08 13:47:00,1.24789,2025-05-08 13:48:00,1.24789,3.0,20.0,-0.04,Wednesday,NY,0.0,3.0,13.783333333333333,0,102347.16,102344.16,2.8992789373814007,1.6860451036680637,2025-05-07 09:35:00,1692.0,0,102347.16,107437.5
GBPUSD,BUY,1.24747,1.24842,2025-05-08 13:47:00,1.24777,2025-05-08 13:48:00,1.24777,3.0,20.0,-0.04,Wednesday,NY,0.0,3.0,13.783333333333333,0,102350.16,102347.16,2.896432637571154,1.6860451036680637,2025-05-08 13:48:00,-1.0,0,102350.16,107440.5
GBPUSD,SELL,1.24843,1.24737,2025-05-08 14:37:00,1.24813,2025-05-08 14:38:00,1.24813,7.0,20.0,0.04,Wednesday,NY,0.0,7.0,14.616666666666667,0,102357.16,102350.16,2.8935863377609077,1.6860451036680637,2025-05-08 13:48:00,49.0,0,102357.16,107447.5
GBPUSD,SELL,1.25344,1.25277,2025-05-10 08:45:00,1.25324,2025-05-10 08:46:00,1.25324,-2.0,20.0,-0.5,Friday,LND,0.0,-2.0,8.75,0,102355.16,102357.16,2.8869449715369986,1.6860451036680637,2025-05-08 14:38:00,2527.0,0,102355.16,107445.5
GBPUSD,SELL,1.25332,1.25277,2025-05-10 08:50:00,1.25309,2025-05-10 08:51:00,1.25309,-2.3,20.0,-0.56,Friday,LND,0.0,-2.3,8.833333333333334,1,102352.86,102355.16,2.8888425047438298,1.6860451036680637,2025-05-10 08:46:00,4.0,1,102352.86,107445.5
GBPUSD,SELL,1.25357,1.25248,2025-05-10 08:56:00,1.25327,2025-05-10 08:57:00,1.25327,2.2,10.0,0.17,Friday,LND,0.0,2.2,8.933333333333334,2,102355.06,102352.86,2.891024667931688,0.3519809978956688,2025-05-10 08:51:00,5.0,0,102355.06,107445.5
GBPUSD,SELL,1.25603,1.25267,2025-05-14 13:25:00,1.25573,2025-05-14 13:26:00,1.25267,6120.0,20.0,6.02,Tuesday,NY,10.2,30.6,13.416666666666666,0,108475.06,102355.06,2.8889373814041766,1.450778252163032,2025-05-10 08:57:00,6028.0,0,108475.06,113565.5
GBPUSD,BUY,1.2642,1.26586,2025-05-15 13:30:00,1.26442,2025-05-15 13:31:00,1.2642,-440.0,20.0,-0.54,Wednesday,NY,0.0,-2.2,13.5,0,108035.06,108475.06,0.0,1.2968423065059145,2025-05-14 13:26:00,1444.0,0,108035.06,113125.5
GBPUSD,BUY,1.26396,1.26586,2025-05-15 14:30:00,1.26426,2025-05-15 14:31:00,1.26396,-580.0,20.0,-0.68,Wednesday,NY,0.0,-2.8,14.5,1,107455.06,108035.06,0.40562319117408185,1.1670248080717338,2025-05-15 13:31:00,59.0,0,107455.06,112545.5
GBPUSD,SELL,1.26482,1.26182,2025-05-15 15:59:00,1.26456,2025-05-15 16:00:00,1.26482,-520.0,20.0,-0.62,Wednesday,NY,0.0,-2.6,15.983333333333333,2,106935.06,107455.06,0.9403083068126443,1.054262470053147,2025-05-15 14:31:00,88.0,0,106935.06,112025.5
GBPUSD,SELL,1.27039,1.26718,2025-05-20 09:55:00,1.27009,2025-05-20 09:56:00,1.27039,-600.0,20.0,-0.7,Monday,LND,0.0,-3.0,9.916666666666666,3,106335.06,106935.06,1.4196811691092865,0.9538022776138532,2025-05-15 16:00:00,6835.0,1,106335.06,112025.5
GBPUSD,SELL,1.27018,1.26811,2025-05-20 13:20:00,1.2699,2025-05-20 13:21:00,1.27018,-520.0,20.0,-0.62,Monday,NY,0.0,-2.6,13.333333333333334,4,105815.06,106335.06,1.972803702528489,0.8626621856275073,2025-05-20 09:56:00,204.0,1,105815.06,112025.5
GBPUSD,SELL,1.27011,1.26811,2025-05-20 13:32:00,1.26985,2025-05-20 13:33:00,1.27011,-560.0,20.0,-0.66,Monday,NY,0.0,-2.8,13.533333333333333,5,105255.06,105815.06,2.4521765648251312,0.77830500687676,2025-05-20 13:21:00,11.0,1,105255.06,112025.5
GBPUSD,BUY,1.27159,1.27311,2025-05-21 08:51:00,1.27185,2025-05-21 08:52:00,1.27159,-520.0,20.0,-0.62,Tuesday,LND,0.0,-2.6,8.85,6,104735.06,105255.06,2.9684242626830537,0.6987991199005286,2025-05-20 13:33:00,1158.0,1,104735.06,112025.5
GBPUSD,BUY,1.2713,1.27196,2025-05-21 11:38:00,1.2716,2025-05-21 11:39:00,1.2713,720.0,20.0,0.62,Tuesday,LND,1.2,3.6,11.633333333333333,7,105455.06,104735.06,3.4477971249796955,0.6224729775202118,2025-05-21 08:52:00,166.0,0,105455.06,112745.5
GBPUSD,SELL,1.27333,1.27,2025-05-22 11:09:00,1.27314,2025-05-22 11:10:00,1.27,-380.0,20.0,-0.48,Wednesday,LND,0.0,-17.0,11.15,0,105075.06,105455.06,2.7840500848766525,0.5477225575051662,2025-05-21 11:39:00,1410.0,0,105075.06,112365.5
GBPUSD,SELL,1.27339,1.27,2025-05-22 11:15:00,1.27316,2025-05-22 11:16:00,1.27,-460.0,20.0,-0.56,Wednesday,LND,0.0,-23.0,11.25,1,104615.06,105075.06,3.134361022708814,0.4728054288446504,2025-05-22 11:10:00,5.0,1,104615.06,112365.5
GBPUSD,SELL,1.27343,1.27,2025-05-22 12:18:00,1.27317,2025-05-22 12:19:00,1.27,2950.0,20.0,2.85,Wednesday,LND,6.73,169.0,12.3,2,107565.06,104615.06,3.5584216316635366,0.3956120267884248,2025-05-22 11:16:00,62.0,0,107565.06,115315.5
GBPUSD,SELL,1.27343,1.27,2025-05-22 12:18:00,1.27318,2025-05-22 12:19:00,1.27,2970.0,20.0,2.87,Wednesday,LND,6.73,169.0,12.3,0,110535.06,107565.06,0.8389025090191238,0.31109089793426437,2025-05-22 12:19:00,-1.0,0,110535.06,118285.5
GBPUSD,SELL,1.27442,1.27213,2025-05-22 15:00:00,1.27317,2025-05-22 15:01:00,1.27213,-250.0,20.0,-0.35,Wednesday,NY,0.0,-25.0,15.0,0,110285.06,110535.06,0.0,0.22360679774998082,2025-05-22 12:19:00,161.0,0,110285.06,118035.5
GBPUSD,SELL,1.27427,1.27213,2025-05-22 15:21:00,1.27402,2025-05-22 15:22:00,1.27213,790.0,20.0,0.69,Wednesday,NY,2.96,74.0,15.35,1,111075.06,110285.06,0.2261725827081471,0.22360679774998082,2025-05-22 15:01:00,20.0,0,111075.06,118825.5
GBPUSD,BUY,1.27322,1.27442,2025-05-23 14:02:00,1.27352,2025-05-23 14:03:00,1.27442,1000.0,20.0,0.9,Thursday,NY,3.0,90.0,14.033333333333333,0,112075.06,111075.06,0.0,0.22360679774998082,2025-05-22 15:22:00,1360.0,0,112075.06,119825.5
GBPUSD,BUY,1.27022,1.27507,2025-05-24 10:18:00,1.27052,2025-05-24 10:19:00,1.27052,260.0,20.0,0.16,Friday,LND,0.86,26.0,10.3,0,112335.06,112075.06,0.0,0.22360679774998082,2025-05-23 14:03:00,1215.0,0,112335.06,120085.5
GBPUSD,SELL,1.27114,1.2679,2025-05-24 10:34:00,1.27089,2025-05-24 10:35:00,1.2679,-600.0,20.0,-0.7,Friday,LND,0.0,-30.0,10.566666666666666,0,111735.06,112335.06,0.0,0.22360679774998082,2025-05-24 10:19:00,15.0,0,111735.06,119485.5
GBPUSD,SELL,1.27113,1.26783,2025-05-24 10:34:00,1.27088,2025-05-24 10:35:00,1.26783,-500.0,20.0,-0.6,Friday,LND,0.0,-25.0,10.566666666666666,1,111235.06,111735.06,0.5341164192194315,0.22360679774998082,2025-05-24 10:35:00,-1.0,1,111235.06,119485.5
GBPUSD,SELL,1.27114,1.2679,2025-05-24 11:03:00,1.27089,2025-05-24 11:04:00,1.2679,-420.0,20.0,-0.52,Friday,LND,0.0,-21.0,11.05,2,110815.06,111235.06,0.9792134352356245,0.22360679774998082,2025-05-24 10:35:00,28.0,0,110815.06,119065.5
GBPUSD,SELL,1.27114,1.26783,2025-05-24 11:03:00,1.27084,2025-05-24 11:04:00,1.26783,-500.0,20.0,-0.6,Friday,LND,0.0,-35.0,11.05,3,110315.06,110815.06,1.3530949286892267,0.0,2025-05-24 11:04:00,-1.0,1,110315.06,119065.5
GBPUSD,SELL,1.27687,1.2692,2025-05-29 09:07:00,1.27657,2025-05-29 09:08:00,1.27657,0.5,20.0,0.0,Wednesday,LND,0.0,0.5,9.116666666666667,4,110315.56,110315.06,1.7981919447054198,0.0,2025-05-24 11:04:00,7083.0,0,110315.56,119066.0
GBPUSD,SELL,1.27672,1.26921,2025-05-29 10:40:00,1.27642,2025-05-29 10:41:00,1.27642,1.9,20.0,0.28,Wednesday,LND,0.0,1.9,10.666666666666666,0,110317.45999999999,110315.56,1.7977468476894034,0.0,2025-05-29 09:08:00,92.0,0,110317.45999999999,119067.9
GBPUSD,BUY,1.27091,1.27331,2025-05-30 11:04:00,1.27116,2025-05-30 11:05:00,1.27091,-2.1,20.0,-0.52,Thursday,LND,0.0,-2.1,11.066666666666666,0,110315.36,110317.45999999999,1.7960554790285472,0.0,2025-05-29 10:41:00,1463.0,0,110315.35999999999,119065.79999999999
GBPUSD,BUY,1.27087,1.27142,2025-05-30 11:05:00,1.27112,2025-05-30 11:06:00,1.27087,-1.6,20.0,-0.42,Thursday,LND,0.0,-1.6,11.083333333333334,1,110313.76,110315.36,1.7979248864958202,0.0,2025-05-30 11:05:00,0.0,1,110313.75999999998,119065.79999999999
GBPUSD,SELL,1.27311,1.27209,2025-05-30 15:27:00,1.27281,2025-05-30 15:28:00,1.27281,-2.7,20.0,-0.62,Thursday,NY,0.0,-2.7,15.45,2,110311.06,110313.76,1.7993491969470774,0.0,2025-05-30 11:06:00,261.0,0,110311.05999999998,119063.09999999999
GBPUSD,SELL,1.27324,1.27239,2025-05-30 15:45:00,1.27294,2025-05-30 15:46:00,1.27294,-1.2,20.0,-0.34,Thursday,NY,0.0,-1.2,15.75,3,110309.86,110311.06,1.8017527208335622,0.0,2025-05-30 15:28:00,17.0,1,110309.85999999999,119063.09999999999
GBPUSD,SELL,1.2733,1.26943,2025-06-03 12:50:00,1.273,2025-06-03 12:51:00,1.2733,-440.0,20.0,-0.54,Monday,LND,1.13,-2.2,12.833333333333334,4,109869.86,110309.86,1.8028209536719983,0.0,2025-05-30 15:46:00,5584.0,1,109869.85999999999,118623.09999999999
GBPUSD,SELL,1.27661,1.27583,2025-06-04 13:45:00,1.27636,2025-06-04 13:46:00,1.27661,-400.0,20.0,-0.5,Tuesday,NY,1.9,-2.0,13.75,5,109469.86,109869.86,2.1945063277662484,0.0,2025-06-03 12:51:00,1494.0,1,109469.85999999999,118223.09999999999
GBPUSD,BUY,1.27581,1.27864,2025-06-04 14:12:00,1.27606,2025-06-04 14:13:00,1.27581,160.0,20.0,0.06,Tuesday,NY,10.32,0.8,14.2,6,109629.86,109469.86,2.5505839405792026,0.0,2025-06-04 13:46:00,26.0,0,109629.85999999999,118383.09999999999
GBPUSD,SELL,1.27749,1.27558,2025-06-05 10:20:00,1.27719,2025-06-05 10:21:00,1.27749,-540.0,20.0,-0.64,Wednesday,LND,0.0,-2.7,10.333333333333334,0,109089.86,109629.86,2.408152895454021,0.0,2025-06-04 14:13:00,1207.0,0,109089.85999999999,117843.09999999999
GBPUSD,SELL,1.2793,1.27588,2025-06-05 14:24:00,1.279,2025-06-05 14:25:00,1.2793,100.0,20.0,0.0,Wednesday,NY,10.4,0.5,14.4,1,109189.86,109089.86,2.8888576727515094,0.0,2025-06-05 10:21:00,243.0,0,109189.85999999999,117943.09999999999
GBPUSD,SELL,1.27936,1.27756,2025-06-06 08:59:00,1.27906,2025-06-06 09:00:00,1.27936,1740.0,20.0,1.64,Thursday,LND,5.0,8.6,8.983333333333333,0,110929.86,109189.86,2.7998382695482706,0.0,2025-06-05 14:25:00,1114.0,0,110929.85999999999,119683.09999999999
GBPUSD,BUY,1.27768,1.27881,2025-06-06 11:18:00,1.27798,2025-06-06 11:19:00,1.27768,440.0,20.0,0.34,Thursday,LND,2.77,2.2,11.3,0,111369.86,110929.86,1.2509006538119192,0.0,2025-06-06 09:00:00,138.0,0,111369.85999999999,120123.09999999999
GBPUSD,BUY,1.27653,1.27837,2025-06-06 13:07:00,1.27688,2025-06-06 13:08:00,1.27653,-700.0,20.0,-0.8,Thursday,NY,0.0,-3.5,13.116666666666667,0,110669.86,111369.86,0.8592152797176693,0.0,2025-06-06 11:19:00,108.0,0,110669.85999999999,119423.09999999999
GBPUSD,BUY,1.27695,1.27861,2025-06-06 13:16:00,1.2772,2025-06-06 13:17:00,1.27695,2810.0,20.0,2.71,Thursday,NY,5.64,14.1,13.266666666666667,1,113479.86,110669.86,1.4823511021403395,0.0,2025-06-06 13:08:00,8.0,0,113479.85999999999,122233.09999999999
GBPUSD,BUY,1.27203,1.2739,2025-06-07 15:26:00,1.27233,2025-06-07 15:27:00,1.27203,2470.0,20.0,2.37,Friday,NY,5.23,15.7,15.433333333333334,0,115949.86,113479.86,0.0,0.0,2025-06-06 13:17:00,1569.0,0,115949.85999999999,124703.09999999999
GBPUSD,BUY,1.27059,1.27104,2025-06-10 10:14:00,1.27089,2025-06-10 10:15:00,1.27059,300.0,20.0,0.2,Monday,LND,0.5,1.5,10.233333333333333,0,116249.86,115949.86,0.0,0.0,2025-06-07 15:27:00,4007.0,0,116249.85999999999,125003.09999999999
GBPUSD,SELL,1.27174,1.26989,2025-06-10 13:07:00,1.27149,2025-06-10 13:08:00,1.27174,-540.0,20.0,-0.64,Monday,NY,0.0,-2.7,13.116666666666667,0,115709.86,116249.86,0.0,0.0,2025-06-10 10:15:00,172.0,0,115709.85999999999,124463.09999999999
GBPUSD,BUY,1.27091,1.27276,2025-06-10 14:56:00,1.27121,2025-06-10 14:57:00,1.27091,-500.0,20.0,-0.6,Monday,NY,0.0,-2.5,14.933333333333334,1,115209.86,115709.86,0.4645166884502055,0.0,2025-06-10 13:08:00,108.0,0,115209.85999999999,123963.09999999999
GBPUSD,SELL,1.27283,1.27093,2025-06-11 09:17:00,1.27259,2025-06-11 09:18:00,1.27283,-480.0,20.0,-0.58,Tuesday,LND,0.0,-2.4,9.283333333333333,2,114729.86,115209.86,0.8946247333115069,0.0,2025-06-10 14:57:00,1100.0,0,114729.85999999999,123483.09999999999
GBPUSD,SELL,1.2731,1.27125,2025-06-11 10:34:00,1.27285,2025-06-11 10:35:00,1.2731,-520.0,20.0,-0.62,Tuesday,LND,0.0,-2.6,10.566666666666666,3,114209.86,114729.86,1.3075284563783562,0.0,2025-06-11 09:18:00,76.0,1,114209.85999999999,123483.09999999999
EUROUSD,BUY,1.07911,1.08232,2025-06-13 14:03:00,1.07936,2025-06-13 14:04:00,1.07911,-280.0,20.0,-0.38,Thursday,NY,0.0,-1.4,14.05,4,113929.86,114209.86,1.75484082303411,0.0,2025-06-11 10:35:00,3088.0,1,113929.85999999999,123483.09999999999
GBPUSD,BUY,1.27413,1.27602,2025-06-13 17:41:00,1.27443,2025-06-13 17:42:00,1.27413,-560.0,20.0,-0.66,Thursday,NY,0.0,-2.8,17.683333333333334,5,113369.86,113929.86,1.9957013281564386,0.0,2025-06-13 14:04:00,217.0,1,113369.85999999999,123483.09999999999
GBPUSD,SELL,1.27471,1.27281,2025-06-13 18:00:00,1.27441,2025-06-13 18:01:00,1.27471,-620.0,20.0,-0.72,Thursday,NY,0.0,-3.1,18.0,6,112749.86,113369.86,2.477422338401096,0.0,2025-06-13 17:42:00,18.0,1,112749.85999999999,123483.09999999999
GBPUSD,BUY,1.26776,1.26705,2025-06-17 09:54:00,1.26736,2025-06-17 09:55:00,1.26705,-620.0,20.0,-0.72,Monday,LND,0.0,-3.1,9.9,7,112129.86,112749.86,3.01075631402911,0.0,2025-06-13 18:01:00,5273.0,1,112129.85999999999,123483.09999999999
GBPUSD,BUY,1.26776,1.26705,2025-06-17 09:54:00,1.26736,2025-06-17 09:55:00,1.26705,-620.0,20.0,-0.72,Tuesday,London,-7.75,3.1,9.9,8,111509.86,112129.86,3.544090289657124,0.0,2025-06-17 09:55:00,-1.0,1,111509.85999999999,123483.09999999999
GBPUSD,BUY,1.26776,1.26705,2025-06-17 10:17:00,1.26737,2025-06-17 10:18:00,1.26705,-640.0,20.0,-0.74,Monday,LND,0.0,-3.2,10.283333333333333,9,110869.86,111509.86,4.077424265285138,0.0,2025-06-17 09:55:00,22.0,1,110869.85999999999,123483.09999999999
GBPUSD,BUY,1.26776,1.26705,2025-06-17 10:17:00,1.26737,2025-06-17 10:18:00,1.26705,-640.0,20.0,-0.74,Tuesday,London,-7.75,3.2,10.283333333333333,10,110229.86,110869.86,4.627962562707602,0.0,2025-06-17 10:18:00,-1.0,1,110229.85999999999,123483.09999999999
GBPUSD,SELL,1.26882,1.26692,2025-06-18 13:55:00,1.26855,2025-06-18 13:56:00,1.26692,-600.0,20.0,-0.7,Tuesday,NY,0.0,-3.0,13.916666666666666,11,109629.86,110229.86,5.178500860130069,0.0,2025-06-17 10:18:00,1657.0,1,109629.85999999999,123483.09999999999
GBPUSD,SELL,1.26882,1.26692,2025-06-18 13:55:00,1.26855,2025-06-18 13:56:00,1.26692,-600.0,20.0,-0.7,Wednesday,New York,8.32,16.3,13.916666666666666,12,109029.86,109629.86,5.694630513963631,0.0,2025-06-18 13:56:00,-1.0,1,109029.85999999999,123483.09999999999
GBPUSD,BUY,1.26937,1.27127,2025-06-18 15:50:00,1.26967,2025-06-18 15:51:00,1.27127,-640.0,20.0,-0.74,Tuesday,NY,0.0,-3.2,15.833333333333334,13,108389.86,109029.86,6.210760167797192,0.0,2025-06-18 13:56:00,114.0,1,108389.85999999999,123483.09999999999
GBPUSD,BUY,1.26937,1.27127,2025-06-18 15:50:00,1.26967,2025-06-18 15:51:00,1.27127,-640.0,20.0,-0.74,Wednesday,New York,6.67,16.0,15.833333333333334,14,107749.86,108389.86,6.7612984652196575,0.0,2025-06-18 15:51:00,-1.0,1,107749.85999999999,123483.09999999999
GBPUSD,BUY,1.26858,1.27018,2025-06-18 16:11:00,1.26888,2025-06-18 16:12:00,1.27018,-600.0,20.0,-0.7,Tuesday,NY,0.0,-3.0,16.183333333333334,15,107149.86,107749.86,7.311836762642124,0.0,2025-06-18 15:51:00,20.0,1,107149.85999999999,123483.09999999999
GBPUSD,BUY,1.26858,1.27018,2025-06-18 16:11:00,1.26888,2025-06-18 16:12:00,1.27018,-600.0,20.0,-0.7,Wednesday,New York,6.0,13.0,16.183333333333334,16,106549.86,107149.86,7.827966416475686,0.0,2025-06-18 16:12:00,-1.0,1,106549.85999999999,123483.09999999999
GBPUSD,BUY,1.26844,1.27092,2025-06-18 16:12:00,1.26874,2025-06-18 16:13:00,1.27092,2890.0,20.0,2.79,Wednesday,New York,8.2,21.8,16.2,17,109439.86,106549.86,8.344096070309247,0.0,2025-06-18 16:12:00,0.0,0,109439.85999999999,126373.09999999999
GBPUSD,BUY,1.26844,1.27092,2025-06-18 16:12:00,1.26874,2025-06-18 16:13:00,1.27092,2890.0,20.0,2.79,Tuesday,NY,7.27,14.4,16.2,0,112329.86,109439.86,5.858071571010925,0.0,2025-06-18 16:13:00,-1.0,0,112329.85999999999,129263.09999999999
GBPUSD,SELL,1.27333,1.27146,2025-06-19 11:04:00,1.27308,2025-06-19 11:05:00,1.27146,-500.0,20.0,-0.6,Wednesday,LND,0.0,-2.5,11.066666666666666,0,111829.86,112329.86,3.3720470717126028,0.0,2025-06-18 16:13:00,1131.0,0,111829.85999999999,128763.09999999999
GBPUSD,SELL,1.27333,1.27146,2025-06-19 11:04:00,1.27308,2025-06-19 11:05:00,1.27146,-500.0,20.0,-0.6,Thursday,London,8.46,16.2,11.066666666666666,1,111329.86,111829.86,3.8021551165739043,0.0,2025-06-19 11:05:00,-1.0,1,111329.85999999999,128763.09999999999
GBPUSD,BUY,1.2728,1.27381,2025-06-19 11:28:00,1.2731,2025-06-19 11:29:00,1.27381,760.0,20.0,0.66,Thursday,London,10.1,7.1,11.466666666666667,2,112089.86,111329.86,4.232263161435205,0.0,2025-06-19 11:05:00,23.0,0,112089.85999999999,129523.09999999999
GBPUSD,BUY,1.2728,1.27381,2025-06-19 11:28:00,1.2731,2025-06-19 11:29:00,1.27381,760.0,20.0,0.66,Wednesday,LND,2.37,3.8,11.466666666666667,0,112849.86,112089.86,3.5784989332460277,0.0,2025-06-19 11:29:00,-1.0,0,112849.85999999999,130283.09999999999
GBPUSD,BUY,1.27295,1.27399,2025-06-19 12:38:00,1.2732,2025-06-19 12:39:00,1.27399,-380.0,20.0,-0.48,Thursday,London,4.89,7.9,12.633333333333333,0,112469.86,112849.86,2.9247347050568493,0.0,2025-06-19 11:29:00,69.0,0,112469.85999999999,129903.09999999999
GBPUSD,BUY,1.27295,1.27399,2025-06-19 12:38:00,1.2732,2025-06-19 12:39:00,1.27399,-380.0,20.0,-0.48,Wednesday,LND,0.0,-1.9,12.633333333333333,1,112089.86,112469.86,3.2516168191514385,0.0,2025-06-19 12:39:00,-1.0,1,112089.85999999999,129903.09999999999
GBPUSD,BUY,1.273,1.27399,2025-06-19 12:43:00,1.27325,2025-06-19 12:44:00,1.27399,-200.0,20.0,-0.3,Thursday,London,3.96,7.4,12.716666666666667,2,111889.86,112089.86,3.5784989332460277,0.0,2025-06-19 12:39:00,4.0,1,111889.85999999999,129903.09999999999
GBPUSD,BUY,1.273,1.27399,2025-06-19 12:43:00,1.27325,2025-06-19 12:44:00,1.27399,-200.0,20.0,-0.3,Wednesday,LND,0.0,-1.0,12.716666666666667,3,111689.86,111889.86,3.750542151190548,0.0,2025-06-19 12:44:00,-1.0,1,111689.85999999999,129903.09999999999
GBPUSD,SELL,1.27354,1.27139,2025-06-19 12:54:00,1.27324,2025-06-19 12:55:00,1.27139,-340.0,20.0,-0.44,Thursday,London,8.91,18.5,12.9,4,111349.86,111689.86,3.922585369135069,0.0,2025-06-19 12:44:00,10.0,1,111349.85999999999,129903.09999999999
GBPUSD,SELL,1.27354,1.27139,2025-06-19 12:54:00,1.27324,2025-06-19 12:55:00,1.27139,-340.0,20.0,-0.44,Wednesday,LND,6.7,-1.7,12.9,5,111009.86,111349.86,4.215058839640753,0.0,2025-06-19 12:55:00,-1.0,1,111009.85999999999,129903.09999999999
GBPUSD,SELL,1.26592,1.27077,2025-06-20 10:57:00,1.27047,2025-06-20 10:58:00,1.27077,-540.0,20.0,-0.64,Thursday,LND,15.4,-2.7,10.95,6,110469.86,111009.86,4.507532310146439,0.0,2025-06-19 12:55:00,1322.0,1,110469.85999999999,129363.09999999999
GBPUSD,SELL,1.27087,1.26592,2025-06-20 11:00:00,1.27057,2025-06-20 11:01:00,1.26592,-60.0,20.0,-0.16,Thursday,LND,15.4,-0.3,11.0,7,110409.86,110469.86,4.972048998596644,0.0,2025-06-20 10:58:00,2.0,1,110409.85999999999,129363.09999999999
GBPUSD,SELL,1.26588,1.26347,2025-06-21 09:43:00,1.26558,2025-06-21 09:44:00,1.26347,4220.0,20.0,4.12,Friday,LND,7.03,21.1,9.716666666666667,8,114629.86,110409.86,5.02366196398,0.0,2025-06-20 11:01:00,1362.0,0,114629.85999999999,133583.09999999998
GBPUSD,SELL,1.266,1.26345,2025-06-21 10:31:00,1.2657,2025-06-21 10:32:00,1.26345,4510.0,20.0,4.41,Friday,LND,9.8,22.5,10.516666666666667,0,119139.86,114629.86,1.3935500653506165,0.0,2025-06-21 09:44:00,47.0,0,119139.85999999999,138093.09999999998
GBPUSD,SELL,1.26597,1.26438,2025-06-24 10:16:00,1.26618,2025-06-24 10:16:00,1.26618,-420.0,20.0,-0.52,Tuesday,London,2.4,0.0,10.266666666666667,0,118719.86,119139.86,0.0,0.0,2025-06-21 10:32:00,4304.0,0,118719.85999999999,137673.09999999998
GBPUSD,SELL,1.26597,1.26438,2025-06-24 10:16:00,1.26597,2025-06-24 10:17:00,1.26618,-420.0,20.0,-0.52,Monday,LND,0.0,-2.1,10.266666666666667,1,118299.86,118719.86,0.3525268537330832,0.0,2025-06-24 10:16:00,0.0,1,118299.85999999999,137673.09999999998
GBPUSD,BUY,1.26597,1.26718,2025-06-24 10:31:00,1.26627,2025-06-24 10:32:00,1.26597,-360.0,20.0,-0.46,Monday,LND,0.0,-1.8,10.516666666666667,2,117939.86,118299.86,0.7050537074661664,0.0,2025-06-24 10:17:00,14.0,1,117939.85999999999,137673.09999999998
GBPUSD,BUY,1.26627,1.26718,2025-06-24 10:31:00,1.26597,2025-06-24 10:31:00,1.26597,-360.0,20.0,-0.46,Tuesday,London,2.71,0.0,10.516666666666667,3,117579.86,117939.86,1.0072195820945233,0.0,2025-06-24 10:32:00,-1.0,1,117579.85999999999,137313.09999999998
GBPUSD,BUY,1.26583,1.26659,2025-06-24 10:32:00,1.26613,2025-06-24 10:33:00,1.26583,765.0,20.0,0.67,Monday,LND,1.53,4.6,10.533333333333333,4,118344.86,117579.86,1.3093854567228802,0.0,2025-06-24 10:31:00,1.0,0,118344.85999999999,138078.09999999998
GBPUSD,BUY,1.26613,1.26659,2025-06-24 10:32:00,1.26583,2025-06-24 10:32:00,1.26583,765.0,20.0,0.67,Tuesday,London,2.53,0.0,10.533333333333333,0,119109.86,118344.86,0.6672829731376217,0.0,2025-06-24 10:33:00,-1.0,0,119109.85999999999,138843.09999999998
GBPUSD,BUY,1.26852,1.27041,2025-06-25 08:15:00,1.26882,2025-06-25 08:16:00,1.26852,-775.0,25.0,-0.9,Tuesday,LND,0.0,-3.1,8.25,0,118334.86,119109.86,0.025180489552363083,5000.0,2025-06-24 10:32:00,1303.0,0,118334.85999999999,138843.09999999998
GBPUSD,BUY,1.26882,1.27041,2025-06-25 08:15:00,1.26852,2025-06-25 08:15:00,1.26852,-775.0,25.0,-0.9,Wednesday,London,7.97,0.0,8.25,1,117559.86,118334.86,0.6756764696550761,4.24852915724977,2025-06-25 08:16:00,-1.0,1,117559.85999999999,138843.09999999998
GBPUSD,BUY,1.26861,1.27051,2025-06-25 08:36:00,1.26891,2025-06-25 08:37:00,1.26861,-445.0,25.0,-0.57,Tuesday,LND,0.0,-2.2,8.6,2,117114.86,117559.86,1.3261724497577891,2.9240383034427544,2025-06-25 08:15:00,21.0,0,117114.85999999999,138398.09999999998
GBPUSD,BUY,1.26891,1.27051,2025-06-25 08:36:00,1.26861,2025-06-25 08:36:00,1.26861,-445.0,25.0,-0.57,Wednesday,London,7.5,0.0,8.6,3,116669.86,117114.86,1.6996830447845082,2.3202011407060192,2025-06-25 08:37:00,-1.0,1,116669.85999999999,138398.09999999998
GBPUSD,BUY,1.26859,1.27049,2025-06-25 08:59:00,1.26889,2025-06-25 09:00:00,1.26859,2200.0,20.0,2.1,Tuesday,LND,3.67,11.0,8.983333333333333,4,118869.86,116669.86,2.073193639811227,-0.487339717240455,2025-06-25 08:36:00,23.0,0,118869.85999999999,140598.09999999998
GBPUSD,BUY,1.26889,1.27049,2025-06-25 08:59:00,1.26859,2025-06-25 08:59:00,1.26859,2200.0,20.0,2.1,Wednesday,London,7.97,0.0,8.983333333333333,0,121069.86,118869.86,0.22662440597126773,-0.487339717240455,2025-06-25 09:00:00,-1.0,0,121069.85999999999,142798.09999999998
GBPUSD,BUY,1.26853,1.27049,2025-06-25 10:47:00,1.26883,2025-06-25 10:48:00,1.26853,2320.0,20.0,2.22,Tuesday,LND,3.87,11.6,10.783333333333333,0,123389.86,121069.86,0.0,-0.487339717240455,2025-06-25 08:59:00,108.0,0,123389.85999999999,145118.09999999998
GBPUSD,BUY,1.26883,1.27049,2025-06-25 10:47:00,1.26853,2025-06-25 10:47:00,1.26853,2320.0,20.0,2.22,Wednesday,London,8.24,0.0,10.783333333333333,0,125709.86,123389.86,0.0,-0.487339717240455,2025-06-25 10:48:00,-1.0,0,125709.85999999999,147438.09999999998
GBPUSD,BUY,1.26773,1.26863,2025-06-25 14:46:00,1.26803,2025-06-25 14:47:00,1.26773,1240.0,20.0,1.14,Tuesday,NY,2.0,6.0,14.766666666666667,0,126949.86,125709.86,0.0,-0.487339717240455,2025-06-25 10:47:00,239.0,0,126949.85999999999,148678.09999999998
GBPUSD,BUY,1.26803,1.26863,2025-06-25 14:46:00,1.26773,2025-06-25 14:46:00,1.26773,1240.0,20.0,1.14,Wednesday,New York,2.0,0.0,14.766666666666667,0,128189.86,126949.86,0.0,-0.487339717240455,2025-06-25 14:47:00,-1.0,0,128189.85999999999,149918.09999999998
GBPUSD,SELL,1.26673,1.26616,2025-06-26 09:46:00,1.26703,2025-06-26 09:46:00,1.26703,0.0,20.0,-0.1,Thursday,London,5.09,0.0,9.766666666666667,0,128189.86,128189.86,0.0,-0.487339717240455,2025-06-25 14:46:00,1140.0,0,128189.85999999999,149918.09999999998
GBPUSD,SELL,1.26703,1.26616,2025-06-26 09:46:00,1.26673,2025-06-26 09:47:00,1.26673,0.0,20.0,-0.1,Wednesday,LND,0.0,0.0,9.766666666666667,0,128189.86,128189.86,0.0,-0.487339717240455,2025-06-26 09:46:00,0.0,0,128189.85999999999,149918.09999999998
GBPUSD,BUY,1.26666,1.26741,2025-06-26 10:22:00,1.26636,2025-06-26 10:22:00,1.26636,60.0,20.0,-0.04,Thursday,London,2.71,0.0,10.366666666666667,0,128249.86,128189.86,0.0,-0.487339717240455,2025-06-26 09:47:00,35.0,0,128249.85999999999,149978.09999999998
GBPUSD,BUY,1.26636,1.26741,2025-06-26 10:22:00,1.26666,2025-06-26 10:23:00,1.26666,60.0,20.0,-0.04,Wednesday,LND,0.0,0.1,10.366666666666667,0,128309.86,128249.86,0.0,-0.487339717240455,2025-06-26 10:22:00,0.0,0,128309.85999999999,150038.09999999998
GBPUSD,SELL,1.26374,1.26125,2025-06-27 10:02:00,1.26401,2025-06-27 10:02:00,1.26401,-500.0,20.0,-0.6,Friday,London,6.04,0.0,10.033333333333333,0,127809.86,128309.86,0.0,-0.487339717240455,2025-06-26 10:23:00,1419.0,0,127809.85999999999,149538.09999999998
GBPUSD,SELL,1.26401,1.26125,2025-06-27 10:02:00,1.26374,2025-06-27 10:03:00,1.26401,-500.0,20.0,-0.6,Thursday,LND,0.0,-2.5,10.033333333333333,1,127309.86,127809.86,0.3896816659296488,-0.487339717240455,2025-06-27 10:02:00,0.0,1,127309.85999999999,149538.09999999998
GBPUSD,BUY,1.26383,1.2647,2025-06-27 10:40:00,1.26413,2025-06-27 10:41:00,1.26383,1140.0,20.0,1.04,Thursday,LND,1.9,5.7,10.666666666666666,2,128449.86,127309.86,0.7793633318592976,-0.487339717240455,2025-06-27 10:03:00,37.0,0,128449.85999999999,150678.09999999998
GBPUSD,BUY,1.26413,1.2647,2025-06-27 10:40:00,1.26383,2025-06-27 10:40:00,1.26383,1140.0,20.0,1.04,Friday,London,2.27,0.0,10.666666666666666,0,129589.86,128449.86,0.0,-0.487339717240455,2025-06-27 10:41:00,-1.0,0,129589.85999999999,151818.09999999998
GBPUSD,SELL,1.26633,1.2647,2025-06-27 14:54:00,1.26658,2025-06-27 14:54:00,1.26658,-440.0,20.0,-0.54,Friday,New York,8.51,0.0,14.9,0,129149.86,129589.86,0.0,-0.487339717240455,2025-06-27 10:40:00,254.0,0,129149.85999999999,151378.09999999998
GBPUSD,SELL,1.26658,1.2647,2025-06-27 14:54:00,1.26633,2025-06-27 14:55:00,1.26658,-440.0,20.0,-0.54,Thursday,NY,0.0,-2.2,14.9,1,128709.86,129149.86,0.33953273813244345,-0.487339717240455,2025-06-27 14:54:00,0.0,1,128709.85999999999,151378.09999999998
GBPUSD,SELL,1.26606,1.26452,2025-06-27 15:39:00,1.26636,2025-06-27 15:39:00,1.26636,3080.0,20.0,2.98,Friday,New York,8.6,0.0,15.65,2,131789.86,128709.86,0.6790654762648869,-0.487339717240455,2025-06-27 14:55:00,44.0,0,131789.86,154458.09999999998
GBPUSD,SELL,1.26636,1.26452,2025-06-27 15:39:00,1.26606,2025-06-27 15:40:00,1.26636,3080.0,20.0,2.98,Thursday,NY,5.13,15.3,15.65,0,134869.86,131789.86,0.0,-0.40944726012459165,2025-06-27 15:39:00,0.0,0,134869.86,157538.09999999998
GBPUSD,SELL,1.26587,1.26464,2025-06-27 15:44:00,1.26615,2025-06-27 15:44:00,1.26615,2520.0,20.0,2.42,Friday,New York,9.43,0.0,15.733333333333333,0,137389.86,134869.86,0.0,-0.32489314482697274,2025-06-27 15:40:00,4.0,0,137389.86,160058.09999999998
GBPUSD,SELL,1.26615,1.26464,2025-06-27 15:44:00,1.26587,2025-06-27 15:45:00,1.26615,2520.0,20.0,2.42,Thursday,NY,4.39,12.3,15.733333333333333,0,139909.86,137389.86,0.0,-0.22360679774998793,2025-06-27 15:44:00,0.0,0,139909.86,162578.09999999998
GBPUSD,SELL,1.28054,1.27867,2025-07-09 09:18:00,1.28027,2025-07-09 09:19:00,1.28054,-640.0,20.0,-0.74,Tuesday,LND,0.0,-3.2,9.3,0,139269.86,139909.86,0.0,0.0,2025-06-27 15:45:00,16893.0,0,139269.86,161938.09999999998
GBPUSD,SELL,1.28063,1.2788,2025-07-09 09:25:00,1.28037,2025-07-09 09:26:00,1.28063,-520.0,20.0,-0.62,Tuesday,LND,0.0,-2.6,9.416666666666666,1,138749.86,139269.86,0.45743738146832547,0.0,2025-07-09 09:19:00,6.0,1,138749.86,161938.09999999998
GBPUSD,SELL,1.28053,1.27881,2025-07-09 09:27:00,1.28041,2025-07-09 09:28:00,1.28053,-240.0,20.0,-0.34,Tuesday,LND,0.0,-1.2,9.45,2,138509.86,138749.86,0.8291052539113398,0.0,2025-07-09 09:26:00,1.0,1,138509.86,161938.09999999998
GBPUSD,SELL,1.28057,1.27871,2025-07-09 09:54:00,1.28027,2025-07-09 09:55:00,1.28057,-700.0,20.0,-0.8,Tuesday,LND,0.0,-3.5,9.9,3,137809.86,138509.86,1.0006442719619617,0.0,2025-07-09 09:28:00,26.0,1,137809.86,161938.09999999998
GBPUSD,SELL,1.28058,1.27881,2025-07-09 09:55:00,1.28035,2025-07-09 09:56:00,1.28058,-500.0,20.0,-0.6,Tuesday,LND,0.0,-2.5,9.916666666666666,4,137309.86,137809.86,1.500966407942943,0.0,2025-07-09 09:55:00,0.0,1,137309.86,161938.09999999998
GBPUSD,SELL,1.27958,1.27769,2025-07-10 09:38:00,1.27928,2025-07-10 09:39:00,1.27958,-640.0,20.0,-0.74,Wednesday,LND,0.0,-3.2,9.633333333333333,5,136669.86,137309.86,1.858339362215072,0.0,2025-07-09 09:56:00,1422.0,1,136669.86,161938.09999999998
GBPUSD,SELL,1.27959,1.27769,2025-07-10 09:38:00,1.27929,2025-07-10 09:39:00,1.27959,-720.0,20.0,-0.82,Wednesday,LND,0.0,-3.6,9.633333333333333,6,135949.86,136669.86,2.3157767436833976,0.0,2025-07-10 09:39:00,-1.0,1,135949.86,161938.09999999998
GBPUSD,SELL,1.27951,1.27769,2025-07-10 09:41:00,1.27921,2025-07-10 09:42:00,1.27951,-740.0,20.0,-0.84,Wednesday,LND,0.0,-3.7,9.683333333333334,7,135209.86,135949.86,2.8303937978352636,0.0,2025-07-10 09:39:00,2.0,1,135209.86,161938.09999999998
GBPUSD,SELL,1.27985,1.27769,2025-07-10 09:46:00,1.27955,2025-07-10 09:47:00,1.27985,-700.0,20.0,-0.8,Wednesday,LND,0.0,-3.5,9.766666666666667,8,134509.86,135209.86,3.359305770158015,0.0,2025-07-10 09:42:00,4.0,1,134509.86,161938.09999999998
GBPUSD,SELL,1.28102,1.27769,2025-07-10 11:15:00,1.28072,2025-07-10 11:16:00,1.28102,-360.0,20.0,-0.46,Wednesday,LND,0.0,-1.8,11.25,9,134149.86,134509.86,3.859627906138996,0.0,2025-07-10 09:47:00,88.0,1,134149.86,161938.09999999998
GBPUSD,SELL,1.29892,1.29696,2025-07-15 09:37:00,1.29862,2025-07-15 09:38:00,1.29862,0.0,20.0,0.02,Monday,LND,5.37,0.6,9.616666666666667,10,134149.86,134149.86,4.116936433214929,0.0,2025-07-10 11:16:00,7101.0,0,134149.86,161938.09999999998
GBPUSD,BUY,1.29746,1.2993,2025-07-15 12:04:00,1.29773,2025-07-15 12:05:00,1.29773,-40.0,20.0,-0.14,Monday,LND,0.0,-0.2,12.066666666666666,0,134109.86,134149.86,4.116936433214929,0.0,2025-07-15 09:38:00,146.0,0,134109.86,161898.09999999998
GBPUSD,BUY,1.29756,1.2994,2025-07-15 12:07:00,1.29783,2025-07-15 12:08:00,1.29756,-260.0,20.0,-0.36,Monday,LND,0.0,-1.3,12.116666666666667,1,133849.86,134109.86,4.145526269556699,0.0,2025-07-15 12:05:00,2.0,1,133849.86,161898.09999999998
GBPUSD,BUY,1.29707,1.29891,2025-07-15 17:35:00,1.29737,2025-07-15 17:36:00,1.29707,-500.0,20.0,-0.6,Monday,NY,5.33,-2.5,17.583333333333332,2,133349.86,133849.86,4.331360205778206,0.0,2025-07-15 12:08:00,327.0,0,133349.86,161398.09999999998
GBPUSD,SELL,1.29668,1.29545,2025-07-16 10:22:00,1.29641,2025-07-16 10:23:00,1.29641,-40.0,20.0,-0.14,Tuesday,LND,2.3,-0.2,10.366666666666667,3,133309.86,133349.86,4.688733160050336,0.0,2025-07-15 17:36:00,1006.0,1,133309.86,161358.09999999998
GBPUSD,SELL,1.3034,1.30156,2025-07-17 13:43:00,1.30313,2025-07-17 13:44:00,1.30313,-660.0,20.0,-0.76,Wednesday,NY,0.0,-3.3,13.716666666666667,4,132649.86,133309.86,4.717322996392106,0.0,2025-07-16 10:23:00,1640.0,1,132649.86,161358.09999999998
GBPUSD,SELL,1.30337,1.30018,2025-07-17 14:00:00,1.3031,2025-07-17 14:01:00,1.3031,-640.0,20.0,-0.74,Wednesday,NY,0.0,-3.2,14.0,5,132009.86,132649.86,5.1890552960313165,0.0,2025-07-17 13:44:00,16.0,1,132009.86,161358.09999999998
GBPUSD,BUY,1.29234,1.29431,2025-07-22 09:18:00,1.29264,2025-07-22 09:19:00,1.29234,-34.0,1.0,-0.04,Monday,LND,5.0,-3.4,9.3,6,131975.86,132009.86,5.646492677499642,-19000.0,2025-07-17 14:01:00,6917.0,1,131975.86,161358.09999999998
GBPUSD,SELL,1.2919,1.2886,2025-07-23 09:18:00,1.2916,2025-07-23 09:19:00,1.2919,35.0,1.0,0.03,Tuesday,LND,0.0,-3.5,9.3,7,132010.86,131975.86,5.670794038390147,-4.248529157249609,2025-07-22 09:19:00,1439.0,0,132010.86,161393.09999999998
GBPUSD,BUY,1.29081,1.29304,2025-07-23 14:51:00,1.29111,2025-07-23 14:52:00,1.29081,-28.0,2.0,-0.04,Tuesday,NY,0.0,-1.4,14.85,0,131982.86,132010.86,5.645777931591097,-2.7530419114284994,2025-07-23 09:19:00,332.0,1,131982.86,161365.09999999998
GBPUSD,BUY,1.29081,1.29304,2025-07-23 14:59:00,1.29111,2025-07-23 15:00:00,1.29111,0.0,10.0,-0.05,Tuesday,NY,0.0,0.0,14.983333333333333,1,131982.86,131982.86,5.665790817030337,-1.0524696231684354,2025-07-23 14:52:00,7.0,0,131982.86,161365.09999999998
GBPUSD,BUY,1.2912,1.29304,2025-07-23 15:12:00,1.2914,2025-07-23 15:13:00,1.2912,-220.0,10.0,-0.27,Tuesday,NY,0.0,-2.2,15.2,0,131762.86,131982.86,5.665790817030337,-0.9585854244379265,2025-07-23 15:00:00,12.0,1,131762.86,161365.09999999998
GBPUSD,BUY,1.27634,1.27815,2025-08-12 09:24:00,1.27664,2025-08-12 09:25:00,1.27634,-500.0,20.0,-0.6,Monday,LND,0.0,-2.5,9.4,1,131262.86,131762.86,5.823034916910074,0.5353761892539288,2025-07-23 15:13:00,28451.0,1,131262.86,161365.09999999998
GBPUSD,BUY,1.27633,1.2773,2025-08-12 10:43:00,1.27663,2025-08-12 10:44:00,1.27633,-60.0,20.0,-0.16,Monday,LND,2.23,-0.3,10.716666666666667,2,131202.86,131262.86,6.180407871182203,0.5353761892539288,2025-08-12 09:25:00,78.0,1,131202.86,161305.09999999998
GBPUSD,BUY,1.27585,1.27649,2025-08-12 11:58:00,1.27615,2025-08-12 11:59:00,1.27585,-440.0,20.0,-0.54,Monday,LND,1.13,-1.2,11.966666666666667,3,130762.86,131202.86,6.223292625694858,0.5353761892539288,2025-08-12 10:44:00,74.0,1,130762.85999999999,161305.09999999998
GBPUSD,BUY,1.27579,1.27939,2025-08-12 12:17:00,1.27609,2025-08-12 12:18:00,1.27579,-300.0,20.0,-0.4,Monday,LND,11.0,-1.5,12.283333333333333,4,130462.86,130762.86,6.537780825454333,0.5353761892539288,2025-08-12 11:59:00,18.0,1,130462.85999999999,161305.09999999998
GBPUSD,SELL,1.28052,1.27805,2025-08-13 10:37:00,1.28022,2025-08-13 10:38:00,1.27805,4283.0,20.0,4.18,Tuesday,LND,7.23,21.7,10.616666666666667,5,134745.86,130462.86,6.7522045980176095,0.5353761892539288,2025-08-12 12:18:00,1339.0,0,134745.86,165588.09999999998
GBPUSD,BUY,1.28417,1.286,2025-08-14 08:53:00,1.28447,2025-08-14 08:54:00,1.28417,-600.0,20.0,-0.7,Thursday,London,0.94,-3.0,8.883333333333333,0,134145.86,134745.86,3.690947871722551,0.5353761892539288,2025-08-13 10:38:00,1335.0,0,134145.86,164988.09999999998
GBPUSD,BUY,1.28417,1.286,2025-08-14 08:53:00,1.28447,2025-08-14 08:54:00,1.28417,-600.0,20.0,-0.7,Wednesday,LND,0.0,-3.0,8.883333333333333,1,133545.86,134145.86,4.119795416849105,0.5353761892539288,2025-08-14 08:54:00,-1.0,1,133545.86,164988.09999999998
GBPUSD,BUY,1.28369,1.28547,2025-08-14 08:58:00,1.28399,2025-08-14 08:59:00,1.28369,-420.0,20.0,-0.52,Wednesday,LND,0.0,-2.1,8.966666666666667,2,133125.86,133545.86,4.548642961975661,0.5353761892539288,2025-08-14 08:54:00,4.0,1,133125.86,164988.09999999998
GBPUSD,BUY,1.28369,1.28547,2025-08-14 08:58:00,1.28399,2025-08-14 08:59:00,1.28369,-420.0,20.0,-0.52,Thursday,London,1.05,-3.0,8.966666666666667,3,132705.86,133125.86,4.848836243564249,0.5353761892539288,2025-08-14 08:59:00,-1.0,1,132705.86,164988.09999999998
GBPUSD,BUY,1.2829,1.28488,2025-08-14 09:08:00,1.2832,2025-08-14 09:09:00,1.2829,-440.0,20.0,-0.54,Wednesday,LND,0.0,-2.2,9.133333333333333,4,132265.86,132705.86,5.149029525152838,0.5353761892539288,2025-08-14 08:59:00,9.0,1,132265.86,164988.09999999998
GBPUSD,BUY,1.2829,1.28488,2025-08-14 09:08:00,1.2832,2025-08-14 09:09:00,1.2829,-440.0,20.0,-0.54,Thursday,London,1.0,-3.0,9.133333333333333,5,131825.86,132265.86,5.463517724912312,0.5353761892539288,2025-08-14 09:09:00,-1.0,1,131825.86,164988.09999999998
GBPUSD,SELL,1.28391,1.28201,2025-08-14 09:42:00,1.28361,2025-08-14 09:43:00,1.28391,-460.0,20.0,-0.56,Thursday,London,0.79,-3.0,9.7,6,131365.86,131825.86,5.778005924671786,0.5353761892539288,2025-08-14 09:09:00,33.0,1,131365.86,164988.09999999998
GBPUSD,SELL,1.28391,1.28201,2025-08-14 09:42:00,1.28361,2025-08-14 09:43:00,1.28391,-460.0,20.0,-0.56,Wednesday,LND,0.0,-2.3,9.7,7,130905.86,131365.86,6.106789042602145,0.5353761892539288,2025-08-14 09:43:00,-1.0,1,130905.85999999999,164988.09999999998
GBPUSD,SELL,1.28387,1.28201,2025-08-14 09:44:00,1.28362,2025-08-14 09:45:00,1.28387,-540.0,20.0,-0.64,Thursday,London,0.75,-2.5,9.733333333333333,8,130365.86,130905.86,6.435572160532503,0.5353761892539288,2025-08-14 09:43:00,1.0,1,130365.85999999999,164988.09999999998
GBPUSD,SELL,1.28387,1.28201,2025-08-14 09:44:00,1.28362,2025-08-14 09:45:00,1.28387,-540.0,20.0,-0.64,Wednesday,LND,0.0,-2.7,9.733333333333333,9,129825.86,130365.86,6.821534951146403,0.5353761892539288,2025-08-14 09:45:00,-1.0,1,129825.85999999999,164988.09999999998
GBPUSD,BUY,1.28255,1.28445,2025-08-14 10:05:00,1.28419,2025-08-14 10:06:00,1.28255,-400.0,20.0,-0.5,Thursday,London,1.0,-16.4,10.083333333333334,10,129425.86,129825.86,7.207497741760302,0.5353761892539288,2025-08-14 09:45:00,20.0,1,129425.85999999999,164988.09999999998
GBPUSD,BUY,1.28255,1.28445,2025-08-14 10:05:00,1.28419,2025-08-14 10:06:00,1.28255,-400.0,20.0,-0.5,Wednesday,LND,3.93,-2.0,10.083333333333334,11,129025.86,129425.86,7.493396105178006,0.46215505514587457,2025-08-14 10:06:00,-1.0,1,129025.85999999999,164988.09999999998
GBPUSD,SELL,1.28532,1.28342,2025-08-15 10:41:00,1.28502,2025-08-15 10:42:00,1.28532,-580.0,20.0,-0.68,Friday,London,1.0,-3.0,10.683333333333334,12,128445.86,129025.86,7.77929446859571,0.3896343957772868,2025-08-14 10:06:00,1475.0,1,128445.85999999999,164988.09999999998
GBPUSD,SELL,1.28532,1.28342,2025-08-15 10:41:00,1.28502,2025-08-15 10:42:00,1.28532,-580.0,20.0,-0.68,Thursday,LND,0.0,-2.9,10.683333333333334,13,127865.86,128445.86,8.19384709555138,0.3248931448269666,2025-08-15 10:42:00,-1.0,1,127865.85999999999,164988.09999999998
EURUSD,SELL,1.10128,,2025-08-15 10:46:00,1.10098,2025-08-15 10:47:00,1.10128,-40.0,20.0,-0.14,Thursday,LND,0.0,-0.4,10.766666666666667,14,127825.86,127865.86,8.60839972250705,0.22360679774998052,2025-08-15 10:42:00,4.0,1,127825.85999999999,164988.09999999998
EUROUSD,SELL,1.10128,1.10098,2025-08-15 10:46:00,1.10098,2025-08-15 10:47:00,1.10128,-40.0,20.0,-0.14,Friday,London,1.0,-3.0,10.766666666666667,15,127785.86,127825.86,8.63698955884882,0.0,2025-08-15 10:47:00,-1.0,1,127785.85999999999,164988.09999999998
GBPUSD,BUY,1.28512,1.28703,2025-08-15 11:00:00,1.28542,2025-08-15 11:01:00,1.28512,-20.0,20.0,-0.12,Thursday,LND,5.0,-0.1,11.0,16,127765.86,127785.86,8.665579395190589,0.0,2025-08-15 10:47:00,13.0,1,127765.85999999999,164988.09999999998
GBPUSD,BUY,1.28512,1.28703,2025-08-15 11:00:00,1.28542,2025-08-15 11:01:00,1.28512,-20.0,20.0,-0.12,Friday,London,1.0,-3.0,11.0,17,127745.86,127765.86,8.679874313361475,0.0,2025-08-15 11:01:00,-1.0,1,127745.85999999999,164988.09999999998
EURUSD,SELL,1.09866,1.09766,2025-08-16 07:51:00,1.09836,2025-08-16 07:52:00,1.09866,-40.0,20.0,-0.14,Friday,LND,2.33,-0.2,7.85,18,127705.86,127745.86,8.69416923153236,0.0,2025-08-15 11:01:00,1250.0,1,127705.85999999999,164988.09999999998
EUROUSD,SELL,1.09866,1.09766,2025-08-16 07:51:00,1.09836,2025-08-16 07:52:00,1.09866,-40.0,20.0,-0.14,Saturday,Asia,1.0,-3.0,7.85,19,127665.86,127705.86,8.722759067874131,0.0,2025-08-16 07:52:00,-1.0,1,127665.85999999999,164988.09999999998
EURUSD,SELL,1.09845,1.09655,2025-08-16 07:57:00,1.09815,2025-08-16 07:58:00,1.09845,-620.0,20.0,-0.72,Friday,LND,0.0,-3.1,7.95,20,127045.86,127665.86,8.7513489042159,0.0,2025-08-16 07:52:00,5.0,1,127045.85999999999,164988.09999999998
GBPUSD,SELL,1.28783,1.28599,2025-08-16 07:57:00,1.28753,2025-08-16 07:58:00,1.28783,-240.0,20.0,-0.34,Saturday,Asia,1.0,-3.0,7.95,21,126805.86,127045.86,9.194491367513342,0.0,2025-08-16 07:58:00,-1.0,1,126805.85999999999,164988.09999999998
EUROUSD,SELL,1.09845,1.09655,2025-08-16 07:57:00,1.09815,2025-08-16 07:58:00,1.09845,-620.0,20.0,-0.72,Saturday,Asia,0.8,-3.0,7.95,22,126185.86,126805.86,9.366030385563963,0.0,2025-08-16 07:58:00,-1.0,1,126185.85999999999,164988.09999999998
GBPUSD,SELL,1.28783,1.28599,2025-08-16 07:57:00,1.28753,2025-08-16 07:58:00,1.28783,-240.0,20.0,-0.34,Friday,LND,0.0,-1.2,7.95,23,125945.86,126185.86,9.809172848861405,0.0,2025-08-16 07:58:00,-1.0,1,125945.85999999999,164988.09999999998
GBPUSD,SELL,1.28816,1.28625,2025-08-16 08:03:00,1.28786,2025-08-16 08:04:00,1.28816,-160.0,20.0,-0.26,Friday,LND,0.0,-0.8,8.05,24,125785.86,125945.86,9.980711866912026,0.0,2025-08-16 07:58:00,5.0,1,125785.85999999999,164988.09999999998
EURUSD,SELL,1.09866,1.09766,2025-08-16 08:03:00,1.0984,2025-08-16 08:04:00,1.09866,100.0,20.0,0.0,Friday,LND,2.83,0.0,8.05,25,125885.86,125785.86,10.095071212279107,0.0,2025-08-16 08:04:00,-1.0,0,125885.85999999999,164988.09999999998
GBPUSD,SELL,1.28816,1.28625,2025-08-16 08:03:00,1.28786,2025-08-16 08:04:00,1.28816,-160.0,20.0,-0.26,Saturday,Asia,1.0,-3.0,8.05,0,125725.86,125885.86,10.023596621424682,0.0,2025-08-16 08:04:00,-1.0,1,125725.85999999999,164828.09999999998
EUROUSD,SELL,1.09866,1.09766,2025-08-16 08:03:00,1.0984,2025-08-16 08:04:00,1.09866,100.0,20.0,0.0,Saturday,Asia,1.0,-2.6,8.05,1,125825.86,125725.86,10.137955966791763,0.0,2025-08-16 08:04:00,-1.0,0,125825.85999999999,164828.09999999998
GBPUSD,SELL,1.28832,1.28703,2025-08-16 08:04:00,1.28809,2025-08-16 08:05:00,1.28832,-20.0,20.0,-0.12,Saturday,Asia,1.0,-2.3,8.066666666666666,0,125805.86,125825.86,10.066481375937336,0.0,2025-08-16 08:04:00,0.0,1,125805.85999999999,164808.09999999998
GBPUSD,SELL,1.28832,1.28703,2025-08-16 08:04:00,1.28809,2025-08-16 08:05:00,1.28832,-20.0,20.0,-0.12,Friday,LND,4.61,-0.1,8.066666666666666,1,125785.86,125805.86,10.080776294108222,0.0,2025-08-16 08:05:00,-1.0,1,125785.85999999999,164808.09999999998
GBPUSD,SELL,1.29649,1.29564,2025-08-19 08:24:00,1.29619,2025-08-19 08:25:00,1.29649,-480.0,20.0,-0.58,Monday,LND,1.83,-2.4,8.4,2,125305.86,125785.86,10.095071212279107,0.0,2025-08-16 08:05:00,4339.0,1,125305.85999999999,164328.09999999998
GBPUSD,SELL,1.29505,1.29433,2025-08-19 14:15:00,1.29475,2025-08-19 14:16:00,1.29505,-100.0,20.0,-0.2,Monday,NY,1.4,-0.5,14.25,3,125205.86,125305.86,10.438149248380352,0.0,2025-08-19 08:25:00,350.0,1,125205.85999999999,164328.09999999998
GBPUSD,SELL,1.29513,1.29433,2025-08-19 14:20:00,1.29483,2025-08-19 14:21:00,1.29513,-740.0,20.0,-0.84,Monday,NY,1.67,-3.7,14.333333333333334,4,124465.86,125205.86,10.509623839234777,0.0,2025-08-19 14:16:00,4.0,1,124465.85999999999,164328.09999999998
GBPUSD,SELL,1.30279,1.30234,2025-08-21 10:21:00,1.30249,2025-08-21 10:22:00,1.30279,-780.0,20.0,-0.88,Wednesday,LND,0.0,-3.9,10.35,5,123685.86,124465.86,11.038535811557528,0.0,2025-08-19 14:21:00,2640.0,1,123685.85999999999,164328.09999999998
GBPUSD,SELL,1.30299,1.30206,2025-08-21 10:25:00,1.30269,2025-08-21 10:26:00,1.30299,-500.0,20.0,-0.6,Wednesday,LND,1.94,-2.5,10.416666666666666,6,123185.86,123685.86,11.596037620222049,0.0,2025-08-21 10:22:00,3.0,1,123185.85999999999,164328.09999999998
GBPUSD,SELL,1.30294,1.30104,2025-08-21 10:27:00,1.30264,2025-08-21 10:28:00,1.30294,-480.0,20.0,-0.58,Wednesday,LND,0.0,-2.4,10.45,7,122705.86,123185.86,11.953410574494178,0.0,2025-08-21 10:26:00,1.0,1,122705.85999999999,164328.09999999998
GBPUSD,SELL,1.30293,1.30206,2025-08-21 10:36:00,1.30263,2025-08-21 10:37:00,1.30293,-520.0,20.0,-0.62,Wednesday,LND,1.87,-2.6,10.6,8,122185.86,122705.86,12.296488610595423,0.0,2025-08-21 10:28:00,8.0,1,122185.85999999999,164328.09999999998
GBPUSD,SELL,1.30292,1.30206,2025-08-21 10:36:00,1.30262,2025-08-21 10:37:00,1.30292,-540.0,20.0,-0.64,Wednesday,LND,1.87,-2.7,10.6,9,121645.86,122185.86,12.668156483038437,0.0,2025-08-21 10:37:00,-1.0,1,121645.85999999999,164328.09999999998
GBPUSD,SELL,1.31233,1.30764,2025-08-23 08:55:00,1.31192,2025-08-23 08:56:00,1.31233,-800.0,20.0,-0.9,Friday,LND,0.0,-4.0,8.916666666666666,10,120845.86,121645.86,13.054119273652336,0.0,2025-08-21 10:37:00,2778.0,1,120845.85999999999,164328.09999999998
GBPUSD,SELL,1.3123,1.3104,2025-08-23 08:56:00,1.312,2025-08-23 08:57:00,1.3123,-680.0,20.0,-0.78,Friday,LND,0.0,-3.4,8.933333333333334,11,120165.86,120845.86,13.625916000487745,0.0,2025-08-23 08:56:00,0.0,1,120165.85999999999,164328.09999999998
GBPUSD,BUY,1.3117,1.31316,2025-08-23 09:38:00,1.312,2025-08-23 09:39:00,1.3117,2320.0,20.0,2.22,Friday,LND,3.87,11.6,9.633333333333333,12,122485.86,120165.86,14.11194321829784,0.0,2025-08-23 08:57:00,41.0,0,122485.85999999999,166648.09999999998
GBPUSD,SELL,1.3125,1.31066,2025-08-23 12:26:00,1.3122,2025-08-23 12:27:00,1.3125,-480.0,20.0,-0.58,Friday,LND,0.0,-2.4,12.433333333333334,0,122005.86,122485.86,12.45373271047516,0.0,2025-08-23 09:39:00,167.0,1,122005.85999999999,166648.09999999998
GBPUSD,SELL,1.31264,1.31084,2025-08-23 12:27:00,1.31237,2025-08-23 12:28:00,1.31264,-640.0,20.0,-0.74,Friday,LND,0.0,-3.2,12.45,1,121365.86,122005.86,12.796810746576403,0.0,2025-08-23 12:27:00,0.0,1,121365.85999999999,166648.09999999998
GBPUSD,SELL,1.31999,1.31745,2025-08-26 10:30:00,1.31969,2025-08-26 10:31:00,1.31999,-540.0,20.0,-0.64,Monday,LND,4.23,-2.7,10.5,2,120825.86,121365.86,13.254248128044729,0.0,2025-08-23 12:28:00,4202.0,1,120825.85999999999,166108.09999999998
EUROUSD,SELL,1.11714,1.11586,2025-08-27 15:39:00,1.11684,2025-08-27 15:40:00,1.11684,0.0,20.0,-0.1,Tuesday,NY,3.27,0.0,15.65,3,120825.86,120825.86,13.64021091865863,0.0,2025-08-26 10:31:00,1748.0,0,120825.85999999999,166108.09999999998
EUROUSD,SELL,1.11703,1.11513,2025-08-27 15:42:00,1.11673,2025-08-27 15:43:00,1.11703,-700.0,20.0,-0.8,Tuesday,NY,0.0,-3.5,15.7,0,120125.86,120825.86,13.64021091865863,0.0,2025-08-27 15:40:00,2.0,1,120125.85999999999,166108.09999999998
EUROUSD,SELL,1.11702,1.11513,2025-08-27 15:42:00,1.11672,2025-08-27 15:43:00,1.11702,-740.0,20.0,-0.84,Tuesday,NY,0.0,-3.7,15.7,1,119385.86,120125.86,14.14053305463961,0.0,2025-08-27 15:43:00,-1.0,1,119385.85999999999,166108.09999999998
GBPUSD,SELL,1.32409,1.32232,2025-08-27 15:49:00,1.32379,2025-08-27 15:50:00,1.32409,-380.0,20.0,-0.48,Tuesday,NY,4.9,-1.9,15.816666666666666,2,119005.86,119385.86,14.66944502696236,0.0,2025-08-27 15:43:00,6.0,1,119005.85999999999,166108.09999999998
GBPUSD,BUY,1.32331,1.32714,2025-08-28 10:30:00,1.32366,2025-08-28 10:31:00,1.32331,-720.0,20.0,-0.82,Wednesday,LND,0.0,-3.6,10.5,3,118285.86,119005.86,14.941048472209179,0.0,2025-08-27 15:50:00,1120.0,1,118285.85999999999,166108.09999999998
GBPUSD,BUY,1.31821,1.32011,2025-08-30 10:31:00,1.31851,2025-08-30 10:32:00,1.31821,-320.0,20.0,-0.42,Friday,LND,0.0,-1.6,10.516666666666667,4,117965.86,118285.86,15.455665526361045,0.0,2025-08-28 10:31:00,2880.0,1,117965.85999999999,166108.09999999998
GBPUSD,BUY,1.31366,1.31556,2025-09-02 15:28:00,1.31396,2025-09-02 15:29:00,1.31366,-720.0,20.0,-0.82,Monday,NY,5.33,-3.6,15.466666666666667,5,117245.86,117965.86,15.684384217095209,0.0,2025-08-30 10:32:00,4616.0,1,117245.85999999999,165388.09999999998
GBPUSD,BUY,1.31099,1.31555,2025-09-04 13:40:00,1.31129,2025-09-04 13:41:00,1.31555,4886.0,20.0,4.79,Wednesday,NY,8.13,24.4,13.666666666666666,6,122131.86,117245.86,16.199001271247074,0.0,2025-09-02 15:29:00,2771.0,0,122131.85999999999,170274.09999999998
GBPUSD,SELL,1.31749,1.31661,2025-09-06 11:08:00,1.31723,2025-09-06 11:09:00,1.31749,-520.0,20.0,-0.62,Friday,LND,0.0,-2.6,11.133333333333333,0,121611.86,122131.86,12.706752762099827,0.0,2025-09-04 13:41:00,2727.0,1,121611.85999999999,170274.09999999998
GBPUSD,BUY,1.30918,1.31008,2025-09-09 14:33:00,1.30918,2025-09-09 14:34:00,1.30889,-480.0,20.0,-0.58,Monday,NY,0.0,-2.4,14.55,1,121131.86,121611.86,13.078420634542843,0.0,2025-09-06 11:09:00,4524.0,1,121131.85999999999,170274.09999999998
GBPUSD,BUY,1.30826,1.31166,2025-09-11 10:59:00,1.30866,2025-09-11 11:00:00,1.30826,-660.0,20.0,-0.76,Wednesday,LND,0.0,-3.3,10.983333333333333,2,120471.86,121131.86,13.421498670644086,0.0,2025-09-09 14:34:00,2665.0,1,120471.85999999999,170274.09999999998
GBPUSD,BUY,1.30407,1.30597,2025-09-12 13:16:00,1.30437,2025-09-12 13:17:00,1.30407,-600.0,20.0,-0.7,Thursday,NY,0.0,-3.0,13.266666666666667,3,119871.86,120471.86,13.893230970283296,0.0,2025-09-11 11:00:00,1576.0,1,119871.85999999999,170274.09999999998
GBPUSD,SELL,1.32264,1.31634,2025-09-17 10:37:00,1.32234,2025-09-17 10:37:00,1.32234,0.0,20.0,-0.1,Tuesday,LND,0.0,0.0,10.616666666666667,4,119871.86,119871.86,14.322078515409853,0.0,2025-09-12 13:17:00,7040.0,0,119871.85999999999,170274.09999999998
GBPUSD,BUY,1.32174,1.32355,2025-09-17 11:24:00,1.32201,2025-09-17 11:24:00,1.32201,-2.7,20.0,-0.64,Tuesday,LND,0.0,-2.7,11.4,0,119869.16,119871.86,14.322078515409853,0.0,2025-09-17 10:37:00,47.0,1,119869.15999999999,170274.09999999998
GBPUSD,SELL,1.32577,1.32387,2025-09-19 09:26:00,1.32547,2025-09-19 09:26:00,1.32547,-3.0,20.0,-0.7,Thursday,LND,0.0,-3.0,9.433333333333334,1,119866.16,119869.16,14.32400832936292,0.0,2025-09-17 11:24:00,2762.0,1,119866.15999999999,170274.09999999998
GBPUSD,BUY,1.32964,1.33149,2025-09-20 10:32:00,1.32994,2025-09-20 10:32:00,1.32994,-2.6,20.0,-0.62,Friday,LND,0.0,-2.6,10.533333333333333,2,119863.56,119866.16,14.32615256708855,0.0,2025-09-19 09:26:00,1506.0,1,119863.55999999998,170274.09999999998
GBPUSD,BUY,1.33487,1.3368,2025-09-24 09:02:00,1.33517,2025-09-24 09:03:00,1.33621,-640.0,20.0,3.16,Wednesday,London,4.07,10.4,9.033333333333333,3,119223.56,119863.56,14.328010906450771,0.0,2025-09-20 10:32:00,5670.0,1,119223.55999999998,169634.09999999998
GBPUSD,BUY,1.33487,1.3368,2025-09-24 09:02:00,1.33517,2025-09-24 09:03:00,1.33621,-640.0,20.0,3.16,Wednesday,London,4.07,10.4,9.033333333333333,4,118583.56,119223.56,14.785448287919097,0.0,2025-09-24 09:03:00,-1.0,1,118583.55999999998,169634.09999999998
GBPUSD,BUY,1.33487,1.3368,2025-09-24 09:02:00,1.33517,2025-09-24 09:02:00,1.33517,16.3,20.0,3.16,Tuesday,LND,5.43,16.3,9.033333333333333,5,118599.86,118583.56,15.242885669387421,0.0,2025-09-24 09:03:00,-1.0,0,118599.85999999999,169634.09999999998
GBPUSD,BUY,1.33769,1.33955,2025-09-25 09:43:00,1.33805,2025-09-25 09:44:00,1.33769,-1440.0,40.0,-1.64,Thursday,London,6.41,3.6,9.716666666666667,0,117159.86,118599.86,15.231235311078148,20000.0,2025-09-24 09:02:00,1481.0,1,117159.85999999999,169634.09999999998
GBPUSD,BUY,1.33769,1.33955,2025-09-25 09:43:00,1.33805,2025-09-25 09:43:00,1.33805,-3.6,40.0,-1.64,Wednesday,LND,0.0,-3.6,9.716666666666667,1,117156.26000000001,117159.86,16.26046941938188,4.24852915724961,2025-09-25 09:44:00,-1.0,1,117156.25999999998,169634.09999999998
GBPUSD,BUY,1.33769,1.33949,2025-09-25 09:55:00,1.33796,2025-09-25 09:56:00,1.33769,-540.0,20.0,-0.64,Thursday,London,4.0,-2.7,9.916666666666666,2,116616.26000000001,117156.26000000001,16.263042504652645,-0.32489314482696596,2025-09-25 09:43:00,12.0,1,116616.25999999998,169634.09999999998
GBPUSD,BUY,1.33769,1.33949,2025-09-25 09:55:00,1.33796,2025-09-25 09:56:00,1.33769,-540.0,20.0,-0.64,Thursday,London,4.0,-2.7,9.916666666666666,3,116076.26000000001,116616.26000000001,16.649005295266544,-0.32489314482696596,2025-09-25 09:56:00,-1.0,1,116076.25999999998,169634.09999999998
GBPUSD,BUY,1.33769,1.33949,2025-09-25 09:55:00,1.33796,2025-09-25 09:55:00,1.33796,-2.7,20.0,-0.64,Wednesday,LND,0.0,-2.7,9.916666666666666,4,116073.56,116076.26000000001,17.034968085880443,-0.32489314482696596,2025-09-25 09:56:00,-1.0,1,116073.55999999998,169634.09999999998
GBPUSD,BUY,1.3377,1.33949,2025-09-25 10:09:00,1.33796,2025-09-25 10:10:00,1.3377,-520.0,20.0,-0.62,Thursday,London,3.97,-2.6,10.15,5,115553.56,116073.56,17.036897899833512,-0.32489314482696596,2025-09-25 09:55:00,14.0,1,115553.55999999998,169634.09999999998
GBPUSD,BUY,1.3377,1.33949,2025-09-25 10:09:00,1.33796,2025-09-25 10:10:00,1.3377,-520.0,20.0,-0.62,Thursday,London,3.97,-2.6,10.15,6,115033.56,115553.56,17.408565772276525,-0.32489314482696596,2025-09-25 10:10:00,-1.0,1,115033.55999999998,169634.09999999998
GBPUSD,BUY,1.3377,1.33949,2025-09-25 10:09:00,1.33796,2025-09-25 10:09:00,1.33796,-2.6,20.0,-0.62,Wednesday,LND,0.0,-2.6,10.15,7,115030.96,115033.56,17.78023364471954,-0.32489314482696596,2025-09-25 10:10:00,-1.0,1,115030.95999999998,169634.09999999998
GBPUSD,BUY,1.33705,1.33807,2025-09-27 09:43:00,1.33735,2025-09-27 09:44:00,1.33705,-600.0,20.0,-0.7,Saturday,London,0.69,-3.0,9.716666666666667,8,114430.96,115030.96,17.782091984081756,-0.32489314482696596,2025-09-25 10:09:00,2854.0,1,114430.95999999998,169634.09999999998
GBPUSD,BUY,1.33705,1.33807,2025-09-27 09:43:00,1.33735,2025-09-27 09:44:00,1.33705,-600.0,20.0,-0.7,Saturday,London,0.69,-3.0,9.716666666666667,9,113830.96,114430.96,18.210939529208314,-0.32489314482696596,2025-09-27 09:44:00,-1.0,1,113830.95999999998,169634.09999999998
GBPUSD,BUY,1.33705,1.33807,2025-09-27 09:43:00,1.33735,2025-09-27 09:43:00,1.33735,-3.0,20.0,-0.7,Friday,LND,0.0,-3.0,9.716666666666667,10,113827.96,113830.96,18.63978707433487,-0.32489314482696596,2025-09-27 09:44:00,-1.0,1,113827.95999999998,169634.09999999998
GBPUSD,BUY,1.33684,1.33834,2025-09-27 09:45:00,1.33711,2025-09-27 09:46:00,1.33684,-500.0,20.0,-0.6,Saturday,London,1.47,-2.7,9.75,11,113327.96,113827.96,18.641931312060503,-0.32489314482696596,2025-09-27 09:43:00,2.0,1,113327.95999999998,169634.09999999998
GBPUSD,BUY,1.33684,1.33834,2025-09-27 09:45:00,1.33711,2025-09-27 09:45:00,1.33711,-2.5,20.0,-0.6,Friday,LND,0.0,-2.5,9.75,12,113325.46,113327.96,18.999304266332633,-0.32489314482696596,2025-09-27 09:46:00,-1.0,1,113325.45999999998,169634.09999999998
GBPUSD,BUY,1.33684,1.33834,2025-09-27 09:45:00,1.33711,2025-09-27 09:46:00,1.33684,-500.0,20.0,-0.6,Saturday,London,1.47,-2.7,9.75,13,112825.46,113325.46,19.00109113110399,-0.32489314482696596,2025-09-27 09:45:00,0.0,1,112825.45999999998,169634.09999999998
GBPUSD,BUY,1.33684,1.33927,2025-09-27 09:47:00,1.33714,2025-09-27 09:48:00,1.33927,4260.0,20.0,4.16,Saturday,London,3.31,21.3,9.783333333333333,14,117085.45999999999,112825.46,19.35846408537612,-0.32489314482696596,2025-09-27 09:46:00,1.0,0,117085.45999999998,173894.09999999998
GBPUSD,BUY,1.33684,1.33927,2025-09-27 09:47:00,1.33714,2025-09-27 09:47:00,1.33714,21.3,20.0,4.16,Friday,LND,7.1,21.3,9.783333333333333,0,117106.76,117085.45999999999,16.31364651497758,-0.32489314482696596,2025-09-27 09:48:00,-1.0,0,117106.75999999998,173915.39999999997
GBPUSD,BUY,1.33684,1.33927,2025-09-27 09:47:00,1.33714,2025-09-27 09:48:00,1.33927,4260.0,20.0,4.16,Saturday,London,3.31,21.3,9.783333333333333,0,121366.76,117106.76,16.298422427125587,-0.32489314482696596,2025-09-27 09:47:00,0.0,0,121366.75999999998,178175.39999999997
GBPUSD,BUY,1.33694,1.34276,2025-09-27 09:55:00,1.33724,2025-09-27 09:55:00,1.33724,20.87,20.0,4.02,Friday,LND,6.87,20.87,9.916666666666666,0,121387.63,121366.76,13.253604856727044,-0.32489314482696596,2025-09-27 09:48:00,7.0,0,121387.62999999998,178196.26999999996
GBPUSD,BUY,1.33694,1.34276,2025-09-27 09:55:00,1.33724,2025-09-27 09:56:00,1.34276,4120.0,20.0,4.02,Saturday,London,6.11,55.2,9.916666666666666,0,125507.63,121387.63,13.23868810961573,-0.32489314482696596,2025-09-27 09:55:00,0.0,0,125507.62999999998,182316.26999999996
GBPUSD,SELL,1.33498,1.33308,2025-10-01 08:45:00,1.33468,2025-10-01 08:45:00,1.33468,0.0,20.0,-0.1,Tuesday,LND,36.0,0.0,8.75,0,125507.63,125507.63,10.293934966413383,-0.32489314482696596,2025-09-27 09:56:00,5689.0,0,125507.62999999998,182316.26999999996
GBPUSD,SELL,1.33498,1.33308,2025-10-01 08:45:00,1.33468,2025-10-01 08:45:00,1.33468,-0.1,20.0,-0.14,Tuesday,LND,36.0,-0.1,8.75,0,125507.53,125507.63,10.293934966413383,-0.32489314482696596,2025-10-01 08:45:00,0.0,1,125507.52999999997,182316.26999999996
GBPUSD,BUY,1.3284,1.3305,2025-10-02 09:03:00,1.3287,2025-10-02 09:03:00,1.3287,-3.0,20.0,-0.7,Wednesday,LND,6.0,-3.0,9.05,1,125504.53,125507.53,10.29400644100424,-0.22360679774997944,2025-10-01 08:45:00,1458.0,1,125504.52999999997,182313.26999999996
GBPUSD,BUY,1.3284,1.3305,2025-10-02 09:03:00,1.3287,2025-10-02 09:03:00,1.3287,-3.1,20.0,-0.72,Wednesday,LND,6.0,-3.1,9.05,2,125501.43,125504.53,10.296150678729875,0.0,2025-10-02 09:03:00,0.0,1,125501.42999999996,182313.26999999996
GBPUSD,BUY,1.32837,1.3305,2025-10-02 09:03:00,1.32867,2025-10-02 09:03:00,1.32867,-3.0,20.0,-0.7,Wednesday,LND,6.0,-3.0,9.05,3,125498.43,125501.43,10.298366391046367,0.0,2025-10-02 09:03:00,0.0,1,125498.42999999996,182313.26999999996
GBPUSD,BUY,1.32924,1.33114,2025-10-02 10:02:00,1.32954,2025-10-02 10:02:00,1.32954,-3.1,20.0,-0.72,Wednesday,LND,0.0,-3.1,10.033333333333333,4,125495.33,125498.43,10.300510628771999,0.0,2025-10-02 09:03:00,59.0,1,125495.32999999996,182313.26999999996
GBPUSD,BUY,1.32924,1.33114,2025-10-02 10:02:00,1.32954,2025-10-02 10:02:00,1.32954,-3.0,20.0,-0.7,Wednesday,LND,0.0,-3.0,10.033333333333333,5,125492.33,125495.33,10.30272634108849,0.0,2025-10-02 10:02:00,0.0,1,125492.32999999996,182313.26999999996
GBPUSD,BUY,1.32876,1.33051,2025-10-02 10:12:00,1.32904,2025-10-02 10:12:00,1.32904,-2.0,20.0,-0.5,Wednesday,LND,0.0,-2.0,10.2,6,125490.33,125492.33,10.304870578814123,0.0,2025-10-02 10:02:00,10.0,1,125490.32999999996,182313.26999999996
GBPUSD,BUY,1.32876,1.33051,2025-10-02 10:12:00,1.32904,2025-10-02 10:12:00,1.32904,-1.9,20.0,-0.48,Wednesday,LND,0.0,-1.9,10.2,7,125488.43,125490.33,10.306300070631211,0.0,2025-10-02 10:12:00,0.0,1,125488.42999999996,182313.26999999996
GBPUSD,BUY,1.32876,1.33051,2025-10-02 10:15:00,1.32904,2025-10-02 10:15:00,1.32904,-2.6,20.0,-0.62,Wednesday,LND,0.0,-2.6,10.25,8,125485.83,125488.43,10.307658087857442,0.0,2025-10-02 10:12:00,3.0,1,125485.82999999996,182313.26999999996
GBPUSD,BUY,1.31132,1.31263,2025-10-03 14:22:00,1.31162,2025-10-03 14:22:00,1.31162,-0.2,20.0,-0.16,Thursday,NY,3.37,-0.2,14.366666666666667,9,125485.63,125485.83,10.30951642721966,0.0,2025-10-02 10:15:00,1687.0,1,125485.62999999996,182313.06999999995
GBPUSD,BUY,1.31132,1.31263,2025-10-03 14:22:00,1.31162,2025-10-03 14:22:00,1.31162,0.0,20.0,-0.1,Thursday,NY,3.37,0.0,14.366666666666667,10,125485.63,125485.63,10.309659376401367,0.0,2025-10-03 14:22:00,0.0,0,125485.62999999996,182313.06999999995
GBPUSD,BUY,1.30828,1.30758,2025-10-09 10:32:00,1.30798,2025-10-09 10:33:00,1.30828,600.0,20.0,0.5,Wednesday,LND,1.33,-3.0,10.533333333333333,0,126085.63,125485.63,10.309659376401367,0.0,2025-10-03 14:22:00,8410.0,0,126085.62999999996,182913.06999999995
GBPUSD,BUY,1.30828,1.30758,2025-10-09 10:32:00,1.30798,2025-10-09 10:33:00,1.30828,620.0,20.0,0.52,Wednesday,LND,1.33,-3.1,10.533333333333333,0,126705.63,126085.63,9.880811831274812,0.0,2025-10-09 10:33:00,-1.0,0,126705.62999999996,183533.06999999995
GBPUSD,SELL,1.30817,1.30632,2025-10-09 10:40:00,1.30787,2025-10-09 10:41:00,1.30817,-620.0,20.0,-0.72,Wednesday,LND,0.0,-3.1,10.666666666666666,0,126085.63,126705.63,9.437669367977373,0.0,2025-10-09 10:33:00,7.0,1,126085.62999999996,183533.06999999995
GBPUSD,SELL,1.30817,1.30632,2025-10-09 10:40:00,1.30787,2025-10-09 10:41:00,1.30817,-600.0,20.0,-0.7,Wednesday,LND,0.0,-3.0,10.666666666666666,1,125485.63,126085.63,9.880811831274812,0.0,2025-10-09 10:41:00,-1.0,1,125485.62999999996,183533.06999999995
GBPUSD,SELL,1.30826,1.30636,2025-10-09 10:41:00,1.30805,2025-10-09 10:42:00,1.30826,-420.0,20.0,-0.52,Wednesday,LND,0.0,-2.1,10.683333333333334,2,125065.63,125485.63,10.309659376401367,0.0,2025-10-09 10:41:00,0.0,1,125065.62999999996,183533.06999999995
GBPUSD,SELL,1.29876,1.29686,2025-10-17 09:00:00,1.29846,2025-10-17 09:00:00,1.29876,-300.0,20.0,-0.7,Thursday,LND,0.0,-3.0,9.0,3,124765.63,125065.63,10.609852657989956,0.0,2025-10-09 10:42:00,11418.0,1,124765.62999999996,183533.06999999995
GBPUSD,SELL,1.29876,1.29686,2025-10-17 09:00:00,1.29846,2025-10-17 09:00:00,1.29876,-290.0,20.0,-0.68,Thursday,LND,0.0,-2.9,9.0,4,124475.63,124765.63,10.824276430553233,0.0,2025-10-17 09:00:00,0.0,1,124475.62999999996,183533.06999999995
GBPUSD,SELL,1.30637,1.30373,2025-10-18 08:18:00,1.30607,2025-10-18 08:18:00,1.30637,2340.0,20.0,4.58,Friday,LND,7.8,23.4,8.3,5,126815.63,124475.63,11.03155274403107,0.0,2025-10-17 09:00:00,1398.0,0,126815.62999999996,185873.06999999995
GBPUSD,SELL,1.30637,1.30484,2025-10-18 08:18:00,1.30607,2025-10-18 08:18:00,1.30637,1230.0,20.0,2.3,Friday,LND,4.1,12.3,8.3,0,128045.63,126815.63,9.359047318037504,0.0,2025-10-18 08:18:00,0.0,0,128045.62999999996,187103.06999999995
GBPUSD,SELL,1.30637,1.30484,2025-10-18 08:18:00,1.30607,2025-10-18 08:18:00,1.30637,1230.0,20.0,2.36,Friday,LND,4.1,12.3,8.3,0,129275.63,128045.63,8.479909850528065,0.0,2025-10-18 08:18:00,0.0,0,129275.62999999996,188333.06999999995
GBPUSD,SELL,1.30626,1.30375,2025-10-18 08:33:00,1.30596,2025-10-18 08:33:00,1.30626,2210.0,20.0,4.3,Friday,LND,7.37,22.1,8.55,0,131485.63,129275.63,7.600772383018628,0.0,2025-10-18 08:18:00,15.0,0,131485.62999999995,190543.06999999995
GBPUSD,SELL,1.30626,1.30486,2025-10-18 08:33:00,1.30596,2025-10-18 08:33:00,1.30626,1100.0,20.0,2.1,Friday,LND,3.67,11.0,8.55,0,132585.63,131485.63,6.021183925135827,0.0,2025-10-18 08:33:00,0.0,0,132585.62999999995,191643.06999999995
GBPUSD,BUY,1.30075,1.30265,2025-10-22 08:48:00,1.30105,2025-10-22 08:48:00,1.30075,-600.0,20.0,-0.7,Tuesday,LND,0.0,-3.0,8.8,0,131985.63,132585.63,5.234963425737143,0.0,2025-10-18 08:33:00,5775.0,1,131985.62999999995,191043.06999999995
GBPUSD,BUY,1.30064,1.30254,2025-10-22 08:59:00,1.30094,2025-10-22 08:59:00,1.30064,-600.0,20.0,-0.7,Tuesday,LND,0.0,-3.0,8.983333333333333,1,131385.63,131985.63,5.663810970863698,0.0,2025-10-22 08:48:00,11.0,1,131385.62999999995,191043.06999999995
GBPUSD,BUY,1.30064,1.30254,2025-10-22 08:59:00,1.30094,2025-10-22 08:59:00,1.30064,-580.0,20.0,-0.68,Tuesday,LND,0.0,2.9,8.983333333333333,2,130805.63,131385.63,6.092658515990252,0.0,2025-10-22 08:59:00,0.0,1,130805.62999999995,191043.06999999995
GBPUSD,SELL,1.29621,1.29422,2025-10-24 10:07:00,1.29581,2025-10-24 10:07:00,1.29621,-860.0,20.0,-0.96,Thursday,LND,0.0,-4.4,10.116666666666667,3,129945.63,130805.63,6.507211142945923,0.0,2025-10-22 08:59:00,2948.0,1,129945.62999999995,191043.06999999995
GBPUSD,SELL,1.29621,1.29422,2025-10-24 10:07:00,1.29581,2025-10-24 10:07:00,1.29621,-800.0,20.0,-0.9,Thursday,LND,0.0,-4.0,10.116666666666667,4,129145.63,129945.63,7.121892624293985,0.0,2025-10-24 10:07:00,0.0,1,129145.62999999995,191043.06999999995
GBPUSD,SELL,1.29621,1.29422,2025-10-24 10:07:00,1.29581,2025-10-24 10:07:00,1.29621,-880.0,20.0,-0.98,Thursday,LND,0.0,-4.4,10.116666666666667,5,128265.63,129145.63,7.693689351129391,0.0,2025-10-24 10:07:00,0.0,1,128265.62999999995,191043.06999999995
GBPUSD,BUY,1.29727,1.29825,2025-10-25 09:38:00,1.29757,2025-10-25 09:38:00,1.29727,-620.0,20.0,-0.72,Friday,LND,0.0,-3.1,9.633333333333333,6,127645.63,128265.63,8.322665750648339,0.0,2025-10-24 10:07:00,1411.0,1,127645.62999999995,191043.06999999995
GBPUSD,BUY,1.29727,1.29825,2025-10-25 09:38:00,1.29757,2025-10-25 09:38:00,1.29727,-600.0,20.0,-0.7,Friday,LND,0.0,-3.0,9.633333333333333,7,127045.63,127645.63,8.765808213945778,0.0,2025-10-25 09:38:00,0.0,1,127045.62999999995,191043.06999999995
GBPUSD,BUY,1.29727,1.29825,2025-10-25 09:38:00,1.29757,2025-10-25 09:38:00,1.29727,-540.0,20.0,-0.64,Friday,LND,0.0,-2.6,9.633333333333333,8,126505.63,127045.63,9.194655759072335,0.0,2025-10-25 09:38:00,0.0,1,126505.62999999995,191043.06999999995
GBPUSD,BUY,1.29728,1.29969,2025-10-25 09:39:00,1.29758,2025-10-25 09:39:00,1.29728,-340.0,20.0,-0.44,Friday,LND,7.03,-1.7,9.65,9,126165.63,126505.63,9.580618549686234,0.0,2025-10-25 09:38:00,1.0,1,126165.62999999995,191043.06999999995
GBPUSD,BUY,1.29728,1.29969,2025-10-25 09:39:00,1.29758,2025-10-25 09:39:00,1.29728,-380.0,20.0,-0.48,Friday,LND,7.03,-1.9,9.65,10,125785.63,126165.63,9.823632158591282,0.0,2025-10-25 09:39:00,0.0,1,125785.62999999995,191043.06999999995
GBPUSD,BUY,1.29719,1.29969,2025-10-25 09:42:00,1.29749,2025-10-25 09:42:00,1.29719,-100.0,20.0,-0.2,Friday,LND,7.33,-0.5,9.7,11,125685.63,125785.63,10.0952356038381,0.0,2025-10-25 09:39:00,3.0,1,125685.62999999995,191043.06999999995
GBPUSD,BUY,1.29719,1.29969,2025-10-25 09:42:00,1.29749,2025-10-25 09:42:00,1.29719,-160.0,20.0,-0.26,Friday,LND,7.33,-0.8,9.7,12,125525.63,125685.63,10.166710194692525,0.0,2025-10-25 09:42:00,0.0,1,125525.62999999995,191043.06999999995
GBPUSD,BUY,1.29719,1.29969,2025-10-25 09:42:00,1.29749,2025-10-25 09:42:00,1.29719,-140.0,20.0,-0.24,Friday,LND,7.33,-0.7,9.7,13,125385.63,125525.63,10.281069540059608,0.0,2025-10-25 09:42:00,0.0,1,125385.62999999995,191043.06999999995
GBPUSD,BUY,1.2982,1.3001,2025-10-29 09:34:00,1.2985,2025-10-29 09:34:00,1.2982,-480.0,20.0,-0.58,Tuesday,LND,0.0,-2.4,9.566666666666666,14,124905.63,125385.63,10.381133967255805,0.0,2025-10-25 09:42:00,5752.0,1,124905.62999999995,191043.06999999995
GBPUSD,BUY,1.29826,1.30016,2025-10-29 09:34:00,1.29856,2025-10-29 09:34:00,1.29826,-600.0,20.0,-0.7,Tuesday,LND,0.0,-3.0,9.566666666666666,15,124305.63,124905.63,10.724212003357048,0.0,2025-10-29 09:34:00,0.0,1,124305.62999999995,191043.06999999995
GBPUSD,BUY,1.29678,1.2986,2025-10-30 12:29:00,1.29708,2025-10-30 12:29:00,1.29678,-480.0,20.0,-0.58,Wednesday,LND,0.0,-2.4,12.483333333333333,16,123825.63,124305.63,11.153059548483602,0.0,2025-10-29 09:34:00,1615.0,1,123825.62999999995,191043.06999999995
GBPUSD,BUY,1.29678,1.2986,2025-10-30 12:29:00,1.29708,2025-10-30 12:29:00,1.29678,-460.0,20.0,-0.56,Wednesday,LND,0.0,-2.3,12.483333333333333,17,123365.63,123825.63,11.496137584584847,0.0,2025-10-30 12:29:00,0.0,1,123365.62999999995,191043.06999999995
GBPUSD,BUY,1.29694,1.29884,2025-10-30 12:37:00,1.29724,2025-10-30 12:37:00,1.29694,-920.0,20.0,-1.02,Wednesday,LND,0.0,-4.6,12.616666666666667,18,122445.63,123365.63,11.824920702515206,0.0,2025-10-30 12:29:00,8.0,1,122445.62999999995,191043.06999999995
GBPUSD,BUY,1.29694,1.29884,2025-10-30 12:37:00,1.29724,2025-10-30 12:37:00,1.29694,-900.0,20.0,-1.0,Wednesday,LND,0.0,-4.5,12.616666666666667,19,121545.63,122445.63,12.482486938375924,0.0,2025-10-30 12:37:00,0.0,1,121545.62999999995,191043.06999999995
GBPUSD,BUY,1.29693,1.29883,2025-10-30 13:37:00,1.29723,2025-10-30 13:37:00,1.29693,-860.0,20.0,-0.96,Wednesday,LND,0.0,-4.3,13.616666666666667,20,120685.63,121545.63,13.125758256065756,0.0,2025-10-30 12:37:00,60.0,1,120685.62999999995,191043.06999999995
GBPUSD,BUY,1.29693,1.29883,2025-10-30 14:37:00,1.29723,2025-10-30 14:37:00,1.29693,-860.0,20.0,-0.96,Wednesday,LND,0.0,-4.3,14.616666666666667,21,119825.63,120685.63,13.740439737413817,0.0,2025-10-30 13:37:00,60.0,1,119825.62999999995,191043.06999999995
GBPUSD,BUY,1.29648,1.29849,2025-11-04 14:02:00,1.29678,2025-11-04 14:03:00,1.29648,-480.0,20.0,-0.58,Monday,NY,0.0,-2.4,14.033333333333333,22,119345.63,119825.63,14.355121218761882,0.0,2025-10-30 14:37:00,7165.0,1,119345.62999999995,191043.06999999995
GBPUSD,BUY,1.2964,1.2991,2025-11-04 14:02:00,1.2967,2025-11-04 14:03:00,1.2964,-320.0,20.0,-0.42,Monday,NY,0.0,-1.6,14.033333333333333,23,119025.63,119345.63,14.698199254863125,0.0,2025-11-04 14:03:00,-1.0,1,119025.62999999995,191043.06999999995
GBPUSD,SELL,1.29613,1.29488,2025-11-08 10:52:00,1.29583,2025-11-08 10:53:00,1.29613,0.0,20.0,-0.1,Friday,LND,0.0,0.0,10.866666666666667,24,119025.63,119025.63,14.926917945597287,0.0,2025-11-04 14:03:00,5569.0,0,119025.62999999995,191043.06999999995
GBPUSD,SELL,1.27475,1.27312,2025-11-13 10:23:00,1.27445,2025-11-13 10:23:00,1.27475,-600.0,20.0,-0.7,Wednesday,LND,0.0,-3.0,10.383333333333333,0,118425.63,119025.63,14.926917945597287,0.0,2025-11-08 10:53:00,7170.0,1,118425.62999999995,191043.06999999995
GBPUSD,SELL,1.27479,1.27293,2025-11-13 10:27:00,1.2746,2025-11-13 10:27:00,1.27479,-140.0,20.0,-0.24,Wednesday,LND,0.0,-0.7,10.45,1,118285.63,118425.63,15.355765490723844,0.0,2025-11-13 10:23:00,4.0,1,118285.62999999995,191043.06999999995
GBPUSD,SELL,1.26734,1.26488,2025-11-15 10:27:00,1.26704,2025-11-15 10:27:00,1.26734,480.0,20.0,0.38,Friday,LND,7.2,2.4,10.45,2,118765.63,118285.63,15.455829917920038,0.0,2025-11-13 10:27:00,2880.0,0,118765.62999999995,191523.06999999995
GBPUSD,BUY,1.26467,1.26824,2025-11-28 08:48:00,1.26497,2025-11-28 08:48:00,1.26467,-240.0,20.0,-0.34,Thursday,LND,0.0,-1.2,8.8,0,118525.63,118765.63,15.112751881818795,0.0,2025-11-15 10:27:00,18621.0,1,118525.62999999995,191523.06999999995
GBPUSD,BUY,1.26478,1.26668,2025-11-28 08:48:00,1.26508,2025-11-28 08:48:00,1.26478,-460.0,20.0,-0.56,Thursday,LND,0.0,-2.3,8.8,1,118065.63,118525.63,15.284290899869418,0.0,2025-11-28 08:48:00,0.0,1,118065.62999999995,191523.06999999995
GBPUSD,SELL,1.2711,1.26916,2025-11-29 09:21:00,1.27093,2025-11-29 09:21:00,1.2711,-340.0,20.0,-0.44,Friday,LND,21.0,-1.7,9.35,2,117725.63,118065.63,15.613074017799777,0.0,2025-11-28 08:48:00,1473.0,1,117725.62999999995,191523.06999999995
EUROUSD,SELL,1.05801,1.05608,2025-11-29 09:21:00,1.05771,2025-11-29 09:21:00,1.05608,3260.0,20.0,3.16,Friday,LND,5.43,16.3,9.35,3,120985.63,117725.63,15.856087626704824,0.0,2025-11-29 09:21:00,0.0,0,120985.62999999995,191523.06999999995
GBPUSD,SELL,1.27115,1.26931,2025-11-29 09:21:00,1.27085,2025-11-29 09:21:00,1.26931,3080.0,20.0,2.98,Friday,LND,5.13,15.4,9.35,0,124065.63,120985.63,13.52601596485054,0.0,2025-11-29 09:21:00,0.0,0,124065.62999999995,194603.06999999995
GBPUSD,SELL,1.27116,1.26931,2025-11-29 09:21:00,1.27086,2025-11-29 09:21:00,1.26931,3100.0,20.0,3.0,Friday,LND,5.34,15.5,9.35,0,127165.63,124065.63,11.324598566534224,0.0,2025-11-29 09:21:00,0.0,0,127165.62999999995,197703.06999999995
GBPUSD,SELL,1.27061,1.26716,2025-12-02 09:31:00,1.27031,2025-12-02 09:32:00,1.27061,-600.0,20.0,-0.7,Tuesday,London,1.0,-3.0,9.516666666666667,0,126565.63,127165.63,9.108886250047025,0.0,2025-11-29 09:21:00,4330.0,1,126565.62999999995,197103.06999999995
EUROUSD,SELL,1.05154,1.04964,2025-12-02 09:31:00,1.05124,2025-12-02 09:32:00,1.05154,-500.0,20.0,-0.6,Tuesday,London,1.0,-3.0,9.516666666666667,1,126065.63,126565.63,9.53773379517358,0.0,2025-12-02 09:32:00,-1.0,1,126065.62999999995,197103.06999999995
GBPUSD,SELL,1.27061,1.26716,2025-12-02 09:31:00,1.27031,2025-12-02 09:31:00,1.27031,-600.0,20.0,-0.7,Monday,LND,0.0,-3.0,9.516666666666667,2,125465.63,126065.63,9.895106749445707,0.0,2025-12-02 09:32:00,-1.0,1,125465.62999999995,197103.06999999995
EUROUSD,SELL,1.05154,1.04964,2025-12-02 09:31:00,1.05124,2025-12-02 09:31:00,1.05124,-500.0,20.0,-0.6,Monday,LND,0.0,-2.5,9.516666666666667,3,124965.63,125465.63,10.323954294572262,0.0,2025-12-02 09:31:00,0.0,1,124965.62999999995,197103.06999999995
EUROUSD,SELL,1.05158,1.04968,2025-12-02 09:50:00,1.05128,2025-12-02 09:50:00,1.05128,0.0,20.0,-0.1,Monday,LND,0.0,0.0,9.833333333333334,4,124965.63,124965.63,10.681327248844392,0.0,2025-12-02 09:31:00,19.0,0,124965.62999999995,197103.06999999995
EUROUSD,SELL,1.05158,1.04968,2025-12-02 09:50:00,1.05128,2025-12-02 09:51:00,1.05158,0.0,20.0,-0.1,Tuesday,London,1.0,-3.0,9.833333333333334,0,124965.63,124965.63,10.681327248844392,0.0,2025-12-02 09:50:00,0.0,0,124965.62999999995,197103.06999999995
EUROUSD,SELL,1.0527,1.05084,2025-12-03 08:55:00,1.0524,2025-12-03 08:56:00,1.0527,-560.0,20.0,-0.66,Wednesday,London,1.0,-3.0,8.916666666666666,0,124405.63,124965.63,10.681327248844392,0.0,2025-12-02 09:51:00,1384.0,1,124405.62999999995,196543.06999999995
GBPUSD,SELL,1.26876,1.26698,2025-12-03 08:55:00,1.26848,2025-12-03 08:56:00,1.26876,-280.0,20.0,-0.38,Wednesday,London,1.0,-2.8,8.916666666666666,1,124125.63,124405.63,11.081584957629177,0.0,2025-12-03 08:56:00,-1.0,1,124125.62999999995,196543.06999999995
EUROUSD,SELL,1.0527,1.05084,2025-12-03 08:55:00,1.0524,2025-12-03 08:55:00,1.0524,-560.0,20.0,-0.66,Tuesday,LND,0.0,-2.6,8.916666666666666,2,123565.63,124125.63,11.28171381202157,0.0,2025-12-03 08:56:00,-1.0,1,123565.62999999995,196543.06999999995
GBPUSD,SELL,1.26876,1.26698,2025-12-03 08:55:00,1.26848,2025-12-03 08:55:00,1.26848,-280.0,20.0,-0.38,Tuesday,LND,0.0,-1.4,8.916666666666666,3,123285.63,123565.63,11.681971520806353,0.0,2025-12-03 08:55:00,0.0,1,123285.62999999995,196543.06999999995
GBPUSD,SELL,1.27361,1.27167,2025-12-05 08:50:00,1.27331,2025-12-05 08:50:00,1.27331,2880.0,20.0,2.78,Thursday,LND,4.8,14.4,8.833333333333334,4,126165.63,123285.63,11.882100375198746,0.0,2025-12-03 08:55:00,2875.0,0,126165.62999999995,199423.06999999995
GBPUSD,SELL,1.27361,1.27167,2025-12-05 08:50:00,1.27331,2025-12-05 08:51:00,1.27361,2880.0,20.0,2.78,Friday,London,1.0,-3.0,8.833333333333334,0,129045.63,126165.63,9.823632158591282,0.0,2025-12-05 08:50:00,0.0,0,129045.62999999995,202303.06999999995
GBPUSD,SELL,1.27359,1.27171,2025-12-05 08:51:00,1.27329,2025-12-05 08:51:00,1.27329,2900.0,20.0,2.8,Thursday,LND,4.83,14.5,8.85,0,131945.63,129045.63,7.765163941983817,0.0,2025-12-05 08:51:00,0.0,0,131945.62999999995,205203.06999999995
EUROUSD,SELL,1.05407,1.05243,2025-12-05 08:51:00,1.05377,2025-12-05 08:51:00,1.05377,2680.0,20.0,2.58,Thursday,LND,4.47,13.4,8.85,0,134625.63,131945.63,5.692400807205468,0.0,2025-12-05 08:51:00,0.0,0,134625.62999999995,207883.06999999995
GBPUSD,SELL,1.27359,1.27171,2025-12-05 08:51:00,1.27329,2025-12-05 08:52:00,1.27359,2900.0,20.0,2.8,Friday,London,1.0,-3.0,8.85,0,137525.63,134625.63,3.7768817723068553,0.0,2025-12-05 08:51:00,0.0,0,137525.62999999995,210783.06999999995
EUROUSD,SELL,1.05407,1.05243,2025-12-05 08:51:00,1.05377,2025-12-05 08:52:00,1.05407,2680.0,20.0,2.58,Friday,London,1.0,-3.0,8.85,0,140205.63,137525.63,1.7041186375285056,0.0,2025-12-05 08:52:00,-1.0,0,140205.62999999995,213463.06999999995
GBPUSD,SELL,1.27701,1.27518,2025-12-06 08:32:00,1.27673,2025-12-06 08:33:00,1.27701,3100.0,20.0,3.0,Saturday,London,1.0,-2.8,8.533333333333333,0,143305.63,140205.63,0.0,0.0,2025-12-05 08:52:00,1420.0,0,143305.62999999995,216563.06999999995
GBPUSD,SELL,1.27701,1.27518,2025-12-06 08:32:00,1.27678,2025-12-06 08:33:00,1.27701,3200.0,20.0,3.1,Saturday,London,1.0,-2.3,8.533333333333333,0,146505.63,143305.63,0.0,0.0,2025-12-06 08:33:00,-1.0,0,146505.62999999995,219763.06999999995
GBPUSD,SELL,1.27701,1.27518,2025-12-06 08:32:00,1.27673,2025-12-06 08:32:00,1.27673,3100.0,20.0,3.0,Friday,LND,5.33,15.5,8.533333333333333,0,149605.63,146505.63,0.0,0.0,2025-12-06 08:33:00,-1.0,0,149605.62999999995,222863.06999999995
GBPUSD,SELL,1.27701,1.27518,2025-12-06 08:32:00,1.27678,2025-12-06 08:32:00,1.27678,3200.0,20.0,3.1,Friday,LND,5.17,16.0,8.533333333333333,0,152805.63,149605.63,0.0,0.0,2025-12-06 08:32:00,0.0,0,152805.62999999995,226063.06999999995
GBPUSD,SELL,1.26528,1.26472,2025-12-13 11:41:00,1.26503,2025-12-13 11:42:00,1.26528,-500.0,20.0,-0.6,Friday,LND,1.03,-2.5,11.683333333333334,0,152305.63,152805.63,0.0,0.0,2025-12-06 08:32:00,10269.0,0,152305.62999999995,225563.06999999995
GBPUSD,SELL,1.26612,1.26515,2025-12-13 13:30:00,1.26587,2025-12-13 13:31:00,1.26612,-460.0,20.0,-0.56,Friday,NY,2.88,-2.3,13.5,1,151845.63,152305.63,0.3272130745444394,0.0,2025-12-13 11:42:00,108.0,0,151845.62999999995,225103.06999999995
GBPUSD,SELL,1.26606,1.26515,2025-12-13 13:39:00,1.26581,2025-12-13 13:40:00,1.26606,-500.0,20.0,-0.6,Friday,NY,0.0,-2.5,13.65,2,151345.63,151845.63,0.6282491031253236,0.0,2025-12-13 13:31:00,8.0,1,151345.62999999995,225103.06999999995
EUROUSD,SELL,1.05091,1.04835,2025-12-16 09:58:00,1.05061,2025-12-16 09:59:00,1.05061,0.0,20.0,-0.1,Monday,LND,0.0,20.0,9.966666666666667,3,151345.63,151345.63,0.9554621776697629,0.0,2025-12-13 13:40:00,4098.0,0,151345.62999999995,225103.06999999995
GBPUSD,SELL,1.26593,1.26501,2025-12-16 10:11:00,1.26563,2025-12-16 10:12:00,1.26501,620.0,20.0,1.14,Monday,LND,2.07,20.0,10.183333333333334,0,151965.63,151345.63,0.9554621776697629,0.0,2025-12-16 09:59:00,12.0,0,151965.62999999995,225723.06999999995
GBPUSD,BUY,1.26481,1.26662,2025-12-16 10:23:00,1.26511,2025-12-16 10:24:00,1.26481,-220.0,20.0,-0.32,Monday,LND,0.0,20.0,10.383333333333333,0,151745.63,151965.63,0.5497179652346581,0.0,2025-12-16 10:12:00,11.0,1,151745.62999999995,225503.06999999995
GBPUSD,SELL,1.26524,1.26445,2025-12-16 10:28:00,1.26499,2025-12-16 10:29:00,1.26499,-580.0,20.0,-0.68,Monday,LND,0.0,20.0,10.466666666666667,1,151165.63,151745.63,0.6936917180342115,0.0,2025-12-16 10:24:00,4.0,1,151165.62999999995,225503.06999999995
EUROUSD,SELL,1.05038,1.04919,2025-12-16 10:28:00,1.05008,2025-12-16 10:29:00,1.04919,1760.0,20.0,1.66,Monday,LND,2.97,20.0,10.466666666666667,2,152925.63,151165.63,1.0732588845057611,0.0,2025-12-16 10:29:00,-1.0,0,152925.62999999995,227263.06999999995
GBPUSD,SELL,1.26526,1.2644,2025-12-16 10:31:00,1.26496,2025-12-16 10:32:00,1.26496,-5.0,5.0,-0.03,Monday,LND,0.0,5.0,10.516666666666667,0,152920.63,152925.63,0.0,-15000.0,2025-12-16 10:29:00,2.0,1,152920.62999999995,227263.06999999995
GBPUSD,SELL,1.26948,1.26757,2025-12-17 08:22:00,1.26917,2025-12-17 08:22:00,1.26757,-620.0,20.0,-0.72,Tuesday,LND,0.0,-3.1,8.366666666666667,1,152300.63,152920.63,0.0032695631203219513,0.2236067977499796,2025-12-16 10:32:00,1310.0,0,152300.62999999995,226643.06999999995
GBPUSD,SELL,1.26944,1.26827,2025-12-17 08:24:00,1.26914,2025-12-17 08:24:00,1.26827,-40.0,20.0,-0.14,Tuesday,LND,2.9,-0.2,8.4,2,152260.63,152300.63,0.4086953900402439,0.2236067977499796,2025-12-17 08:22:00,2.0,1,152260.62999999995,226603.06999999995
GBPUSD,SELL,1.2691,1.26724,2025-12-17 09:27:00,1.26884,2025-12-17 09:27:00,1.26724,-500.0,20.0,-0.6,Tuesday,LND,0.0,-2.5,9.45,3,151760.63,152260.63,0.4348518950028195,0.2236067977499796,2025-12-17 08:24:00,63.0,1,151760.62999999995,226603.06999999995
GBPUSD,SELL,1.2692,1.26743,2025-12-17 09:28:00,1.26895,2025-12-17 09:28:00,1.26743,-480.0,20.0,-0.58,Tuesday,LND,0.0,-2.4,9.466666666666667,4,151280.63,151760.63,0.7618082070350146,0.2236067977499796,2025-12-17 09:27:00,1.0,1,151280.62999999995,226603.06999999995
GBPUSD,SELL,1.26917,1.2676,2025-12-17 09:31:00,1.26892,2025-12-17 09:31:00,1.2676,-500.0,20.0,-0.6,Tuesday,LND,0.0,-2.5,9.516666666666667,5,150780.63,151280.63,1.075686266585922,0.2236067977499796,2025-12-17 09:28:00,3.0,1,150780.62999999995,226603.06999999995
GBPUSD,BUY,1.26813,1.27001,2025-12-18 08:22:00,1.26843,2025-12-18 08:22:00,1.27001,-480.0,20.0,-0.58,Wednesday,LND,0.0,-2.4,8.366666666666667,6,150300.63,150780.63,1.4026425786181171,0.2236067977499796,2025-12-17 09:31:00,1371.0,1,150300.62999999995,226603.06999999995
GBPUSD,BUY,1.26828,1.26898,2025-12-18 08:32:00,1.26858,2025-12-18 08:32:00,1.26898,0.0,20.0,-0.1,Wednesday,LND,1.33,0.0,8.533333333333333,7,150300.63,150300.63,1.7165206381690243,0.2236067977499796,2025-12-18 08:22:00,10.0,0,150300.62999999995,226603.06999999995
GBPUSD,BUY,1.2684,1.2703,2025-12-18 09:17:00,1.26879,2025-12-18 09:17:00,1.2703,-400.0,20.0,-0.5,Wednesday,LND,0.0,-2.0,9.283333333333333,0,149900.63,150300.63,1.7165206381690243,0.2236067977499796,2025-12-18 08:32:00,45.0,0,149900.62999999995,226203.06999999995
GBPUSD,BUY,1.26828,1.27137,2025-12-18 09:20:00,1.26856,2025-12-18 09:20:00,1.27137,-200.0,20.0,-0.3,Wednesday,LND,10.0,-1.0,9.333333333333334,1,149700.63,149900.63,1.9780856877947803,0.2236067977499796,2025-12-18 09:17:00,3.0,1,149700.62999999995,226203.06999999995
GBPUSD,SELL,1.26224,1.26034,2025-12-19 08:23:00,1.26194,2025-12-19 08:23:00,1.26034,-520.0,20.0,-0.62,Thursday,LND,0.0,-2.6,8.383333333333333,2,149180.63,149700.63,2.1088682126076583,0.2236067977499796,2025-12-18 09:20:00,1383.0,0,149180.62999999995,225683.06999999995
EUROUSD,SELL,1.04031,1.03914,2025-12-19 08:24:00,1.04001,2025-12-19 08:24:00,1.03914,0.0,20.0,-0.1,Thursday,LND,2.9,0.0,8.4,3,149180.63,149180.63,2.4489027771211416,0.2236067977499796,2025-12-19 08:23:00,1.0,0,149180.62999999995,225683.06999999995
GBPUSD,SELL,1.26227,1.26037,2025-12-19 08:39:00,1.26197,2025-12-19 08:39:00,1.26037,-165.0,5.0,-0.19,Thursday,LND,0.0,-3.3,8.65,0,149015.63,149180.63,2.4489027771211416,-4.248529157249613,2025-12-19 08:24:00,15.0,0,149015.62999999995,225518.06999999995
GBPUSD,SELL,1.26253,1.26063,2025-12-19 08:41:00,1.26223,2025-12-19 08:41:00,1.26063,-135.0,5.0,-0.16,Thursday,LND,0.0,-2.7,8.683333333333334,1,148880.63,149015.63,2.556798360091766,-2.9240383034426927,2025-12-19 08:39:00,2.0,1,148880.62999999995,225518.06999999995
GBPUSD,BUY,1.25042,1.25232,2025-12-20 09:04:00,1.25072,2025-12-20 09:04:00,1.25232,-600.0,20.0,-0.7,Friday,LND,0.0,-3.0,9.066666666666666,2,148280.63,148880.63,2.6450765643404583,0.40944726012458504,2025-12-19 08:41:00,1463.0,0,148280.62999999995,224918.06999999995
GBPUSD,BUY,1.24965,1.25155,2025-12-20 09:30:00,1.24995,2025-12-20 09:30:00,1.25155,-500.0,20.0,-0.6,Friday,LND,0.0,-2.5,9.5,3,147780.63,148280.63,3.0374241387790923,0.40944726012458504,2025-12-20 09:04:00,26.0,1,147780.62999999995,224918.06999999995
GBPUSD,SELL,1.25763,1.25573,2025-12-23 09:06:00,1.25733,2025-12-23 09:06:00,1.25733,-700.0,20.0,-0.8,Monday,LND,0.0,-3.5,9.1,4,147080.63,147780.63,3.3643804508112876,0.40944726012458504,2025-12-20 09:30:00,4296.0,1,147080.62999999995,224918.06999999995
GBPUSD,SELL,1.25811,1.25552,2025-12-23 09:34:00,1.25781,2025-12-23 09:34:00,1.25552,4580.0,20.0,4.48,Monday,LND,7.63,22.9,9.566666666666666,5,151660.63,147080.63,3.8221192876563608,0.40944726012458504,2025-12-23 09:06:00,28.0,0,151660.62999999995,229498.06999999995
EUROUSD,SELL,1.03969,1.03784,2025-12-24 06:37:00,1.03944,2025-12-24 06:37:00,1.03784,-360.0,20.0,-0.46,Tuesday,Frankfurt,0.0,-1.9,6.616666666666667,0,151300.63,151660.63,0.8271994694414536,0.40944726012458504,2025-12-23 09:34:00,1263.0,0,151300.62999999995,229138.06999999995
GBPUSD,SELL,1.25345,1.2507,2025-12-24 06:45:00,1.2532,2025-12-24 06:45:00,1.2507,-500.0,20.0,-0.6,Tuesday,Frankfurt,0.0,-2.5,6.75,1,150800.63,151300.63,1.0626080141046341,0.40944726012458504,2025-12-24 06:37:00,8.0,1,150800.62999999995,229138.06999999995
GBPUSD,SELL,1.2535,1.25178,2025-12-24 09:21:00,1.2532,2025-12-24 09:21:00,1.25178,-620.0,20.0,-0.72,Tuesday,LND,0.0,-3.1,9.35,2,150180.63,150800.63,1.3895643261368293,0.40944726012458504,2025-12-24 06:45:00,156.0,0,150180.62999999995,228518.06999999995
GBPUSD,SELL,1.25346,1.25157,2025-12-24 09:21:00,1.25322,2025-12-24 09:21:00,1.25157,-125.0,5.0,-0.15,Tuesday,LND,0.0,-2.5,9.35,3,150055.63,150180.63,1.7949901530567511,-2.9240383034426927,2025-12-24 09:21:00,0.0,1,150055.62999999995,228518.06999999995
GBPUSD,SELL,1.25355,1.25086,2025-12-24 09:26:00,1.2533,2025-12-24 09:26:00,1.25086,-520.0,20.0,-0.62,Tuesday,LND,0.0,-2.6,9.433333333333334,4,149535.63,150055.63,1.8767292310647998,0.40944726012458504,2025-12-24 09:21:00,5.0,1,149535.62999999995,228518.06999999995
GBPUSD,SELL,1.25401,1.25224,2025-12-24 09:40:00,1.25384,2025-12-24 09:40:00,1.25224,-400.0,25.0,-0.53,Tuesday,LND,0.0,-1.7,9.666666666666666,5,149135.63,149535.63,2.2167637955782826,1.3193300604014409,2025-12-24 09:26:00,14.0,1,149135.62999999995,228518.06999999995
GBPUSD,SELL,1.25713,1.2552,2025-12-30 09:19:00,1.25693,2025-12-30 09:19:00,1.25713,-2.5,20.0,-0.63,Monday,LND,0.0,-2.5,9.316666666666666,6,149133.13,149135.63,2.4783288452040386,0.35011518841845535,2025-12-24 09:40:00,8619.0,1,149133.12999999995,228518.06999999995
GBPUSD,SELL,1.25826,1.2574,2025-12-30 09:57:00,1.25801,2025-12-30 09:57:00,1.25826,-0.1,20.0,-0.16,Monday,LND,0.0,-0.1,9.95,7,149133.03,149133.13,2.4799636267642,0.35011518841845535,2025-12-30 09:19:00,38.0,1,149133.02999999994,228518.06999999995
GBPUSD,SELL,1.25821,1.25519,2025-12-30 10:05:00,1.25791,2025-12-30 10:05:00,1.25821,-2.6,20.0,-0.62,Monday,LND,0.0,-2.6,10.083333333333334,8,149130.43,149133.03,2.4800290180266105,0.35011518841845535,2025-12-30 09:57:00,8.0,1,149130.42999999993,228518.06999999995
GBPUSD,SELL,1.25922,1.25736,2025-12-30 10:43:00,1.25892,2025-12-30 10:43:00,1.25922,-3.0,20.0,-0.7,Monday,LND,0.0,-3.0,10.716666666666667,9,149127.43,149130.43,2.4817291908491814,0.35011518841845535,2025-12-30 10:05:00,38.0,1,149127.42999999993,228518.06999999995
GBPUSD,SELL,1.25499,1.25309,2025-12-31 08:29:00,1.25469,2025-12-31 08:29:00,1.25499,-4.1,20.0,-0.92,Tuesday,LND,0.0,-4.1,8.483333333333333,10,149123.33000000002,149127.43,2.4836909287213746,0.35011518841845535,2025-12-30 10:43:00,1306.0,1,149123.32999999993,228518.06999999995
GBPUSD,SELL,1.25509,1.25319,2025-12-31 08:30:00,1.25479,2025-12-31 08:30:00,1.25509,-3.0,20.0,-0.7,Tuesday,LND,0.0,-3.0,8.5,11,149120.33000000002,149123.33000000002,2.486371970480042,0.35011518841845535,2025-12-31 08:29:00,1.0,1,149120.32999999993,228518.06999999995
GBPUSD,SELL,1.2554,1.25358,2025-12-31 08:35:00,1.2551,2025-12-31 08:35:00,1.2554,-2.8,20.0,-0.66,Tuesday,LND,0.0,-2.8,8.583333333333334,12,149117.53,149120.33000000002,2.4883337083522354,0.35011518841845535,2025-12-31 08:30:00,5.0,1,149117.52999999994,228518.06999999995
EUROUSD,SELL,1.04149,1.04073,2025-12-31 08:40:00,1.04124,2025-12-31 08:40:00,1.04149,-1.0,10.0,-0.15,Tuesday,LND,0.0,-1.0,8.666666666666666,13,149116.53,149117.53,2.490164663699608,-1.4004607536738214,2025-12-31 08:35:00,5.0,1,149116.52999999994,228518.06999999995
GBPUSD,SELL,1.25553,1.25468,2025-12-31 08:58:00,1.25523,2025-12-31 08:58:00,1.25553,-2.1,20.0,-0.52,Tuesday,LND,0.0,-2.1,8.966666666666667,14,149114.43,149116.53,2.4908185763236728,0.4194352464039308,2025-12-31 08:40:00,18.0,1,149114.42999999993,228518.06999999995
